Key,Korean(ko),English(en),French(fr),Russian(ru),German(de)
Sg1_1,괜찮아. 누구나 실수할 수 있는 거야.,It's okay. Anyone can make mistakes.,Ce n'est pas grave. Tout le monde peut faire des erreurs.,Ничего страшного. Каждый может ошибаться.,Es ist okay. Jeder kann Fehler machen.
Sg1_2,"방금 있었던 일이 왜 위험했는지, 같이 살펴보자!",Let's take a look together at why what just happened was dangerous!,Voyons ensemble pourquoi ce qui vient de se passer était dangereux !,"Давайте вместе разберемся, почему произошедшее было опасным!","Lassen Sie uns gemeinsam einen Blick darauf werfen, warum das, was gerade passiert ist, gefährlich war!"
Sg1_3,"방금 행동이 위험했던 건, 네가 노란선을 지나쳤기 때문이야.",The reason your actions were dangerous just now was because you crossed the yellow line.,La raison pour laquelle vos actions étaient dangereuses à l’instant était que vous aviez franchi la ligne jaune.,"Причина, по которой ваши действия были опасными, заключалась в том, что вы пересекли желтую линию.","Der Grund, warum Ihr Handeln gerade gefährlich war, lag darin, dass Sie die gelbe Linie überquert haben."
Sg1_4,그 선은 멈추라는 표시야. 무시하면 진짜 큰 사고로 이어질 수도 있어.,That line is a stop sign. Ignoring it could lead to a really big accident.,Cette ligne est un panneau stop. L'ignorer pourrait entraîner un grave accident.,Эта линия — знак «стоп». Игнорирование ее может привести к очень большой аварии.,Diese Linie ist ein Stoppschild. Das Ignorieren dieser Linie kann zu einem schweren Unfall führen.
Sg1_5,"안전선이 있는 이유는,운전자들이 우리를 더 쉽게 볼 수 있도록 하기 위해서야.",The reason there are safety lines is to make it easier for drivers to see us.,La raison pour laquelle il y a des lignes de sécurité est de permettre aux conducteurs de nous voir plus facilement.,"Причина установки линий безопасности в том, что водителям легче нас заметить.","Der Grund für die Sicherheitslinien besteht darin, dass wir für die Autofahrer leichter zu sehen sind."
Sg1_6,"그리고 혹시라도 너무 앞으로 나가면,차와 부딪힐 위험이 있기 때문이야.","And if you go too far forward, you run the risk of hitting a car.","Et si vous avancez trop, vous courez le risque de heurter une voiture.","А если вы проедете слишком далеко вперед, вы рискуете столкнуться с автомобилем.","Und wer zu weit nach vorne fährt, läuft Gefahr, mit einem Auto zusammenzustoßen."
Sg1_7,"봐봐,저렇게 너무 앞으로 나가 있으면…","Look, if you go too far forward like that…","Écoute, si tu vas trop loin comme ça…","Послушайте, если вы зайдете слишком далеко вперед…","Schauen Sie, wenn Sie so zu weit nach vorne gehen …"
Sg1_8,차가 오다가 진짜 부딪힐 수도 있어!,A car might actually hit you if it comes!,Une voiture pourrait bien vous percuter si elle arrive !,"Если машина подъедет, она действительно может вас сбить!","Es könnte tatsächlich passieren, dass Sie von einem Auto angefahren werden, wenn es kommt!"
Sg1_9,"그럼,어떻게 해야 안전한지 같이 한번 볼까?","Well then, let's take a look at how to be safe.","Eh bien, voyons comment être en sécurité.","Ну что ж, давайте посмотрим, как обезопасить себя.","Schauen wir uns also an, wie wir uns schützen können."
Sg1_10,"봐봐,이 친구는 노란선 안쪽에서 잘 기다리고 있어!","Look, this guy is waiting just inside the yellow line!","Regardez, ce type attend juste à l’intérieur de la ligne jaune !","Смотри, этот парень ждет прямо за желтой линией!","Schauen Sie, dieser Typ wartet direkt hinter der gelben Linie!"
Sg1_11,"이런 식으로 하면,운전자도 너를 잘 볼 수 있어서 훨씬 더 안전해!","This way, the driver can see you better, so it's much safer!","De cette façon, le conducteur peut mieux vous voir, c'est donc beaucoup plus sûr !","Так водитель сможет вас лучше видеть, а значит, это намного безопаснее!",Auf diese Weise kann der Fahrer Sie besser sehen und es ist viel sicherer!
Sg1_12,어때? 이제 어떻게 하면 좋은지 알겠지?,"How is it? Now you know what to do, right?","Comment ça va ? Maintenant, tu sais quoi faire, n'est-ce pas ?","Ну как? Теперь ты знаешь, что делать, да?","Wie ist es? Jetzt weißt du, was zu tun ist, oder?"
Sg1_13,다시 한번 도로로 돌아가서 다시 도전하자!,Let's get back on the road and try again!,Reprenons la route et essayons à nouveau !,Давайте вернемся на дорогу и попробуем еще раз!,Lasst uns zurück auf die Straße gehen und es noch einmal versuchen!
Sg4_1,괜찮아. 누구나 실수할 수 있는 거야.,It's okay. Anyone can make mistakes.,Ce n'est pas grave. Tout le monde peut faire des erreurs.,Ничего страшного. Каждый может ошибаться.,Es ist okay. Jeder kann Fehler machen.
Sg4_2,"방금 있었던 일이 왜 위험했는지,같이 살펴보자!",Let's take a look at why what just happened was dangerous!,Voyons pourquoi ce qui vient de se passer était dangereux !,"Давайте разберемся, почему произошедшее было опасным!","Schauen wir uns an, warum das, was gerade passiert ist, gefährlich war!"
Sg4_3,아까 넌 초록불이 깜빡이기 시작했을 때 건너기 시작했지?,"You started crossing when the green light started blinking, right?","Vous avez commencé à traverser lorsque le feu vert a commencé à clignoter, n'est-ce pas ?","Вы начали переходить дорогу, когда замигал зеленый свет, верно?","Sie haben mit dem Überqueren begonnen, als die grüne Ampel zu blinken begann, richtig?"
Sg4_4,"그때는 곧 신호가 바뀐다는 뜻이라서,건너기엔 너무 위험한 순간이야.","At that moment, it is too dangerous to cross because it means the signal will change soon.","À ce moment-là, il est trop dangereux de traverser car cela signifie que le signal va bientôt changer.","В этот момент переходить дорогу слишком опасно, поскольку это означает, что сигнал светофора скоро сменится.","In diesem Moment ist es zu gefährlich, die Straße zu überqueren, da dies bedeutet, dass die Ampel bald umschaltet."
Sg4_5,초록불이 깜빡이면 곧 빨간불로 바뀐다는 뜻이야.,"If the green light is blinking, it means it will soon turn red.","Si le voyant vert clignote, cela signifie qu'il deviendra bientôt rouge.","Если мигает зеленый свет, значит, скоро он станет красным.","Wenn das grüne Licht blinkt, bedeutet dies, dass es bald rot wird."
Sg4_6,"이때 건너면, 길 한가운데에 멈춰 있게 될 수도 있고,차가 달려올 수도 있어.","If you cross at this time, you may end up stopped in the middle of the road, or a car may come running.","Si vous traversez à ce moment-là, vous risquez de vous retrouver arrêté au milieu de la route ou une voiture pourrait arriver en trombe.","Если вы переходите дорогу в это время, вы можете оказаться остановившимся посреди дороги, или на вас может выскочить машина.","Wenn Sie zu diesem Zeitpunkt die Straße überqueren, bleiben Sie möglicherweise mitten auf der Straße stehen oder es kommt ein Auto angerannt."
Sg4_7,"봐봐,지금 깜빡이는데도 그냥 건너면....","Look, it's blinking right now, but if you just cross it...","Regardez, ça clignote en ce moment, mais si vous le traversez...","Смотри, он сейчас мигает, но если ты просто его пересечешь...","Schauen Sie, es blinkt gerade, aber wenn Sie es einfach überqueren ..."
Sg4_8,아아! 이럴 줄 알았어!,Ahh! I knew it!,Ahh ! Je le savais !,Ах! Я так и знал!,Ahh! Ich wusste es!
Sg4_9,지키지 않으면 저런 상황이 나올 거야! 그러니까 꼭 지켜야 해! 그래야 진짜 안전해,"If you don't follow the rules, that kind of situation will happen! So you have to follow them! That's the only way to be truly safe.","Si vous ne respectez pas les règles, ce genre de situation arrivera ! Alors, respectez-les ! C'est la seule façon d'être vraiment en sécurité.","Если вы не будете следовать правилам, то такая ситуация будет происходить! Поэтому вам придется их соблюдать! Это единственный способ быть по-настоящему в безопасности.","Wenn du dich nicht an die Regeln hältst, kann es zu solchen Situationen kommen! Halte dich also unbedingt an sie! Nur so bist du wirklich sicher."
Sg4_10,"그럼,이제 어떻게 하면 되는지 같이 볼까?","Well then, shall we see what to do now?","Bon, alors, voyons ce qu’il faut faire maintenant ?","Ну что ж, посмотрим, что теперь делать?","Na, wollen wir mal sehen, was wir jetzt tun?"
Sg4_11,이 친구는 깜빡일 땐 멈추고 다음 신호까지 기다리는거 보이지?,Can you see this guy stopping when the light flashes and waiting until the next signal?,Pouvez-vous voir ce type s’arrêter lorsque le feu clignote et attendre le prochain signal ?,"Видите ли вы этого парня, который останавливается, когда мигает свет, и ждет следующего сигнала?","Können Sie sich vorstellen, dass dieser Typ anhält, wenn die Ampel blinkt, und auf das nächste Signal wartet?"
Sg4_12,"이렇게 기다렸다가 건너면,안전하게 길을 건널 수 있어!","If you wait like this and then cross, you can cross the road safely!","Si vous attendez comme ça et que vous traversez ensuite, vous pouvez traverser la route en toute sécurité !","Если вы подождете вот так, а затем перейдете дорогу, вы сможете перейти ее безопасно!","Wenn Sie so warten und dann überqueren, können Sie die Straße sicher überqueren!"
Sg4_13,어때? 이제 어떻게 하면 좋은지 알겠지?,"How is it? Now you know what to do, right?","Comment ça va ? Maintenant, tu sais quoi faire, n'est-ce pas ?","Ну как? Теперь ты знаешь, что делать, да?","Wie ist es? Jetzt weißt du, was zu tun ist, oder?"
Sg4_14,다시 한번 도로로 돌아가서 다시 도전하자!,Let's get back on the road and try again!,Reprenons la route et essayons à nouveau !,Давайте вернемся на дорогу и попробуем еще раз!,Lasst uns zurück auf die Straße gehen und es noch einmal versuchen!
Sg5_1,괜찮아. 누구나 실수할 수 있는 거야.,It's okay. Anyone can make mistakes.,Ce n'est pas grave. Tout le monde peut faire des erreurs.,Ничего страшного. Каждый может ошибаться.,Es ist okay. Jeder kann Fehler machen.
Sg5_2,"방금 있었던 일이 왜 위험했는지,같이 살펴보자!",Let's take a look at why what just happened was dangerous!,Voyons pourquoi ce qui vient de se passer était dangereux !,"Давайте разберемся, почему произошедшее было опасным!","Schauen wir uns an, warum das, was gerade passiert ist, gefährlich war!"
Sg5_3,"방금,횡단보도에서 건너다가 중간에 갑자기 멈췄지?","Just now, you were crossing the street and suddenly stopped in the middle of the street?","Tout à l'heure, vous traversiez la rue et vous vous êtes soudainement arrêté au milieu de la rue ?",Только что вы переходили улицу и внезапно остановились посреди дороги?,Sie sind gerade über die Straße gegangen und plötzlich mitten auf der Straße stehen geblieben?
Sg5_4,네가 걷는다고 생각하고 모두가 기다리고 있었는데,Everyone was waiting for you to walk,Tout le monde attendait que tu marches,"Все ждали, когда ты пойдешь.","Alle haben darauf gewartet, dass du gehst"
Sg5_5,갑자기 멈추면 주변이 혼란스러워질 수 있어.,"If you stop suddenly, the surroundings may become chaotic.","Si vous vous arrêtez brusquement, l’environnement peut devenir chaotique.","Если вы резко остановитесь, вокруг может начаться хаос.","Wenn Sie plötzlich anhalten, kann die Umgebung chaotisch werden."
Sg5_6,도로는 그냥 서 있기엔 너무 위험한 곳이야.,The road is too dangerous to just stand there.,La route est trop dangereuse pour rester là.,"Дорога слишком опасна, чтобы просто стоять там.","Die Straße ist zu gefährlich, um einfach nur dort zu stehen."
Sg5_7,차는 네가 계속 걷는다고 생각하고 멈춰 있었는데,The car stopped because it thought you were going to keep walking.,La voiture s'est arrêtée parce qu'elle pensait que tu allais continuer à marcher.,"Машина остановилась, потому что подумала, что вы пойдете дальше.","Das Auto hat angehalten, weil es dachte, Sie würden weiterlaufen."
Sg5_8,"멈춰버리면,차도 그렇고 뒤따라오는 사람들도 ‘어? 왜 멈췄지?’ 하고 당황할 수 있어.","If you stop, the car and the people following behind you may be confused and ask, ""Huh? Why did you stop?""","Si vous vous arrêtez, la voiture et les personnes qui vous suivent pourraient être confuses et demander : « Hein ? Pourquoi vous êtes-vous arrêté ? »","Если вы остановитесь, машина и люди, идущие за вами, могут растеряться и спросить: «А? Почему вы остановились?»","Wenn Sie anhalten, sind das Auto und die Leute hinter Ihnen möglicherweise verwirrt und fragen: „Hä? Warum haben Sie angehalten?“"
Sg5_9,"그렇게 흐름이 엉키면,더 위험한 상황이 생길 수 있어.","If the flow gets tangled like that, a more dangerous situation can arise.","Si le flux s’emmêle de cette façon, une situation plus dangereuse peut survenir.","Если поток запутается подобным образом, может возникнуть более опасная ситуация.","Wenn der Fluss auf diese Weise durcheinander gerät, kann eine gefährlichere Situation entstehen."
Sg5_10,"그래서 도로 위에서는,멈추지 않고 쭉 걷는 게 가장 안전한 거야.","So, on the road, the safest thing to do is to just keep walking without stopping.","Donc, sur la route, la chose la plus sûre à faire est de continuer à marcher sans s’arrêter.","Поэтому на дороге самое безопасное — просто продолжать идти, не останавливаясь.","Auf der Straße ist es am sichersten, einfach weiterzugehen, ohne anzuhalten."
Sg5_11,"방금처럼 갑자기 멈추면,뒤에 오는 사람도 놀라서 다칠 수 있어.","If you stop suddenly like you just did, people behind you could be surprised and get hurt.","Si vous vous arrêtez brusquement comme vous venez de le faire, les personnes derrière vous pourraient être surprises et se blesser.","Если вы резко остановитесь, как только что, люди позади вас могут быть удивлены и получить травмы.","Wenn Sie so plötzlich anhalten, wie Sie es gerade getan haben, könnten die Leute hinter Ihnen überrascht werden und verletzt werden."
Sg5_12,"이렇게 흐름이 엉키면,차도 보행자도 다 위험해질 수 있어.","If the flow becomes entangled like this, it can be dangerous for both cars and pedestrians.","Si le flux devient ainsi enchevêtré, cela peut être dangereux pour les voitures et les piétons.","Если поток запутается подобным образом, это может быть опасно как для автомобилей, так и для пешеходов.","Kommt es zu einem derartigen Stau, kann dies sowohl für Autos als auch für Fußgänger gefährlich werden."
Sg5_13,"자,이제 어떻게 하면 되는지 같이 한번 볼까?","Okay, let's take a look at how to do it.","Ok, voyons comment procéder.","Хорошо, давайте посмотрим, как это сделать.","Okay, schauen wir uns an, wie es geht."
Sg5_14,"정말 간단해! 도로를 걸을 땐,멈추지 않고 끝까지 쭉 걷는 거야.","It's really simple! When you walk on the road, just walk straight to the end without stopping.","C'est très simple ! Quand vous marchez sur la route, allez droit au bout sans vous arrêter.","Это действительно просто! Когда вы идете по дороге, просто идите прямо до конца, не останавливаясь.","Es ist ganz einfach! Wenn Sie auf der Straße gehen, gehen Sie einfach geradeaus bis zum Ende, ohne anzuhalten."
Sg5_15,너라면 분명히 할 수 있을 거야. 믿고 있어!,I'm sure you can do it. I believe in you!,Je suis sûr que tu peux y arriver. Je crois en toi !,"Я уверен, ты сможешь это сделать. Я верю в тебя!","Ich bin sicher, dass du es schaffst. Ich glaube an dich!"
Sg5_16,어때? 이제 어떻게 하면 좋은지 알겠지?,"How is it? Now you know what to do, right?","Comment ça va ? Maintenant, tu sais quoi faire, n'est-ce pas ?","Ну как? Теперь ты знаешь, что делать, да?","Wie ist es? Jetzt weißt du, was zu tun ist, oder?"
Sg5_17,다시 한번 도로로 돌아가서 다시 도전하자!,Let's get back on the road and try again!,Reprenons la route et essayons à nouveau !,Давайте вернемся на дорогу и попробуем еще раз!,Lasst uns zurück auf die Straße gehen und es noch einmal versuchen!
Sg8_1,지금 그건… 정말 하면 안 되는 행동이었어.,Now that was… something I really shouldn’t have done.,C’était… quelque chose que je n’aurais vraiment pas dû faire.,"Вот это было… то, чего мне действительно не следовало делать.","Das war … etwas, was ich wirklich nicht hätte tun sollen."
Sg8_2,"왜 그런 위험한 행동을 한 거야? 장난이라도,그런 짓은 절대 하면 안 돼.","Why did you do something so dangerous? Even as a joke, you should never do something like that.","Pourquoi as-tu fait quelque chose d'aussi dangereux ? Même pour plaisanter, tu ne devrais jamais faire une chose pareille.","Зачем ты сделал что-то столь опасное? Даже в шутку, ты никогда не должен делать ничего подобного.",Warum hast du so etwas Gefährliches getan? Selbst im Scherz sollte man so etwas niemals tun.
Sg8_3,"너 지금,신호가 빨간불이었는데 건넜거나…혹은,횡단보도도 아닌데 도로에 들어왔지?","You just now, did you cross the street when the light was red? Or, did you enter the street when it wasn't a crosswalk?",Vous venez de dire : avez-vous traversé la rue alors que le feu était rouge ? Ou êtes-vous entré dans la rue alors qu'il n'y avait pas de passage piéton ?,"Вы только что, перешли улицу на красный свет? Или вы вышли на улицу, когда это был не пешеходный переход?","Haben Sie gerade die Straße bei Rot überquert? Oder sind Sie auf die Straße gelaufen, als es kein Zebrastreifen war?"
Sg8_4,"이럴 땐 차도 너를 못 보고,차가 멈추는 것도 거의 불가능해.","At times like this, the car can't see you, and it's almost impossible for the car to stop.","Dans des moments comme celui-ci, la voiture ne peut pas vous voir et il est presque impossible pour elle de s'arrêter.","В такие моменты машина вас не видит, и остановиться ей практически невозможно.",In solchen Momenten kann das Auto Sie nicht sehen und es ist für das Auto fast unmöglich anzuhalten.
Sg8_5,"정말,한순간에 큰 사고로 이어질 수 있어.","Seriously, it could lead to a major accident in an instant.","Sérieusement, cela pourrait conduire à un accident majeur en un instant.","Серьёзно, это может в одно мгновение привести к серьёзной аварии.","Im Ernst, es könnte sofort zu einem schweren Unfall führen."
Sg8_6,"신호등이랑 횡단보도는,사람이 언제 어디서 건널지 차가 알 수 있게 도와주는 약속이야.",Traffic lights and crosswalks are a promise to help cars know when and where people should cross.,Les feux de circulation et les passages piétons sont une promesse visant à aider les voitures à savoir quand et où les gens doivent traverser.,"Светофоры и пешеходные переходы призваны помочь водителям знать, когда и где следует переходить дорогу.","Ampeln und Zebrastreifen sollen dafür sorgen, dass Autos wissen, wann und wo die Straße überquert werden soll."
Sg8_7,"근데 그걸 지키지 않으면,차도 나도 서로 뭘 할지 몰라서,너무 위험해지는 거야.","But if we don't keep that in mind, it becomes too dangerous because neither the car nor I know what to do.","Mais si nous ne gardons pas cela à l'esprit, cela devient trop dangereux car ni la voiture ni moi ne savons quoi faire.","Но если мы не будем об этом помнить, это станет слишком опасно, потому что ни машина, ни я не будем знать, что делать.","Aber wenn wir das nicht im Hinterkopf behalten, wird es zu gefährlich, weil weder das Auto noch ich wissen, was zu tun ist."
Sg8_8,"그래서 길을 건널 땐,신호에 맞춰,정해진 길에서만 건너야 해.","So when crossing the street, you must follow the signal and only cross on the designated road.","Ainsi, lorsque vous traversez la rue, vous devez suivre le signal et traverser uniquement sur la route désignée.",Поэтому при переходе улицы необходимо следовать сигналам светофора и переходить дорогу только по обозначенной дороге.,Beim Überqueren der Straße müssen Sie daher der Ampel folgen und dürfen nur die dafür vorgesehene Straße überqueren.
Sg8_9,"그럼,이번엔 어떻게 해야 안전한지 차분히 보여줄게.","Okay, this time I'll show you calmly how to be safe.","Ok, cette fois je vais vous montrer calmement comment être en sécurité.","Хорошо, на этот раз я спокойно покажу вам, как быть в безопасности.","Okay, dieses Mal zeige ich Ihnen in aller Ruhe, wie Sie sicher bleiben."
Sg8_10,"빨간불일 땐,이렇게 노란 안전선 뒤에서 멈춰 있어야 해.","When the light is red, you must stop behind the yellow safety line like this.","Lorsque le feu est rouge, vous devez vous arrêter derrière la ligne de sécurité jaune comme ceci.","Когда загорается красный свет, вы должны остановиться за желтой линией безопасности, вот так.","Bei Rot müssen Sie hinter der gelben Sicherheitslinie anhalten, und zwar so."
Sg8_11,"초록불로 바뀌면,좌우를 확인하고 손을 들고 천천히 건너면 돼.","When the light turns green, look left and right, raise your hand, and cross slowly.","Lorsque le feu passe au vert, regardez à gauche et à droite, levez la main et traversez lentement.","Когда загорится зеленый свет, посмотрите налево и направо, поднимите руку и медленно переходите дорогу.","Wenn die Ampel grün wird, schauen Sie nach links und rechts, heben Sie die Hand und überqueren Sie langsam die Straße."
Sg8_12,"신호를 지키는 건,네 안전을 지키는 거란 걸 꼭 기억해.",Always remember that obeying the signal protects your safety.,N'oubliez jamais qu'obéir au signal protège votre sécurité.,"Всегда помните, что соблюдение сигнала обеспечивает вашу безопасность.","Denken Sie immer daran, dass Ihre Sicherheit durch die Befolgung des Signals gewährleistet ist."
Sg8_13,어때? 이제 어떻게 하면 좋은지 알겠지?,"How is it? Now you know what to do, right?","Comment ça va ? Maintenant, tu sais quoi faire, n'est-ce pas ?","Ну как? Теперь ты знаешь, что делать, да?","Wie ist es? Jetzt weißt du, was zu tun ist, oder?"
Sg8_14,다시 한번 도로로 돌아가서 다시 도전하자!,Let's get back on the road and try again!,Reprenons la route et essayons à nouveau !,Давайте вернемся на дорогу и попробуем еще раз!,Lasst uns zurück auf die Straße gehen und es noch einmal versuchen!
GsStart1,괜찮아. 누구나 실수할 수 있는 거야.,It's okay. Anyone can make mistakes.,Ce n'est pas grave. Tout le monde peut faire des erreurs.,Ничего страшного. Каждый может ошибаться.,Es ist okay. Jeder kann Fehler machen.
GsStart2,"방금 있었던 일이 왜 위험했는지,같이 살펴보자!",Let's take a look at why what just happened was dangerous!,Voyons pourquoi ce qui vient de se passer était dangereux !,"Давайте разберемся, почему произошедшее было опасным!","Schauen wir uns an, warum das, was gerade passiert ist, gefährlich war!"
GsHandUp1,아까 너는 그냥 걸어가기만 했지? 손은 안 들었더라.,"You just walked away earlier, didn't you? You didn't even raise your hand.","Tu es parti tout à l'heure, n'est-ce pas ? Tu n'as même pas levé la main.","Ты просто ушёл раньше, не так ли? Ты даже руку не поднял.","Du bist vorhin einfach weggegangen, oder? Du hast nicht einmal die Hand gehoben."
GsHandUp2,"손을 안 들면,차에 있는 사람들이 널 못 보고 차가 그냥 지나갈 수도 있어!","If you don't raise your hand, the people in the car might not see you and the car might just pass by!","Si vous ne levez pas la main, les personnes dans la voiture risquent de ne pas vous voir et la voiture risque de passer à côté !","Если вы не поднимете руку, люди в машине могут вас не заметить, и машина просто проедет мимо!","Wenn Sie Ihre Hand nicht heben, werden Sie von den Leuten im Auto möglicherweise nicht gesehen und das Auto fährt einfach vorbei!"
GsHandUp3,그럼 아야하겠지? 그래서 조심해야 해!,"Well, then you have to be careful, right?","Eh bien, il faut faire attention, n'est-ce pas ?","Ну, тогда вам нужно быть осторожным, верно?","Na, dann muss man doch vorsichtig sein, oder?"
GsHandUp4,"차에 있는 사람들은,앞이나 옆이 잘 안 보일 때도 있어.",People in cars sometimes have difficulty seeing in front or to the sides.,Les personnes en voiture ont parfois du mal à voir devant ou sur les côtés.,У людей в автомобилях иногда возникают проблемы с обзором вперед или по сторонам.,"Menschen in Autos haben manchmal Schwierigkeiten, nach vorne oder zur Seite zu sehen."
GsHandUp5,그래서 우리가 먼저 손을 들어서 알려주는 게 좋아.,So it's better for us to raise our hands first and let them know.,Il est donc préférable que nous levions d’abord la main et que nous le leur fassions savoir.,Поэтому нам лучше первыми поднять руки и дать им знать.,"Deshalb ist es für uns besser, zuerst die Hand zu heben und es ihnen mitzuteilen."
GsHandUp6,"봐봐,손도 안 들고 그냥 건너고 있지?","Look, he's just crossing without even raising his hand.","Regardez, il traverse sans même lever la main.","Смотрите, он просто переходит дорогу, даже не подняв руки.","Sehen Sie, er geht einfach über die Straße, ohne auch nur die Hand zu heben."
GsHandUp7,"손을 안 들면,운전자도 못 보고 멈추기 어려울 수 있어.","If you don't raise your hand, the driver may not be able to see you and it may be difficult to stop.","Si vous ne levez pas la main, le conducteur risque de ne pas vous voir et il pourrait être difficile de s’arrêter.","Если вы не поднимете руку, водитель может вас не увидеть, и остановиться будет сложно.","Wenn Sie Ihre Hand nicht heben, kann der Fahrer Sie möglicherweise nicht sehen und es kann schwierig sein, anzuhalten."
GsHandUp8,"그럼,이제 어떻게 하면 되는지 같이 볼까?","Well then, shall we see what to do now?","Bon, alors, voyons ce qu’il faut faire maintenant ?","Ну что ж, посмотрим, что теперь делать?","Na, wollen wir mal sehen, was wir jetzt tun?"
GsHandUp9,이 친구는 건널 때 손을 들고 있지?,Isn't this guy raising his hand when he crosses?,Ce type ne lève-t-il pas la main quand il traverse ?,"Разве этот парень не поднимает руку, когда переходит дорогу?","Hebt dieser Typ nicht seine Hand, wenn er die Grenze überquert?"
GsHandUp10,그럼 차에 있는 사람들도 금방 알아볼 수 있어서 안전하게 건널 수 있어!,"Then, people in cars can quickly recognize you and cross the street safely!","Ainsi, les personnes en voiture pourront rapidement vous reconnaître et traverser la rue en toute sécurité !",Тогда люди в автомобилях смогут быстро вас узнать и безопасно перейти улицу!,Dann können Autofahrer Sie schnell erkennen und sicher die Straße überqueren!
GsEnd1,어때? 이제 어떻게 하면 좋은지 알겠지?,"How is it? Now you know what to do, right?","Comment ça va ? Maintenant, tu sais quoi faire, n'est-ce pas ?","Ну как? Теперь ты знаешь, что делать, да?","Wie ist es? Jetzt weißt du, was zu tun ist, oder?"
GsEnd2,다시 한번 도로로 돌아가서 다시 도전하자!,Let's get back on the road and try again!,Reprenons la route et essayons à nouveau !,Давайте вернемся на дорогу и попробуем еще раз!,Lasst uns zurück auf die Straße gehen und es noch einmal versuchen!
GsLookAround1,"아까 너는 초록불이 켜지자마자,아무 것도 안 보고 그냥 건넜어.","Earlier, as soon as the green light turned on, you just crossed without looking at anything.","Avant, dès que le feu vert s'allumait, on traversait sans rien regarder.","Раньше, как только загорался зеленый свет, вы просто переходили дорогу, не глядя ни на что.","Früher ging man, sobald die Ampel grün war, einfach über die Straße, ohne etwas zu beachten."
GsLookAround2,가끔은 차가 신호를 놓치고 그냥 지나갈 수도 있어. 그래서 우리가 먼저 확인해야 해.,"Sometimes cars miss the signal and just pass by, so we have to check first.","Parfois, les voitures ratent le signal et passent simplement, nous devons donc vérifier d'abord.","Иногда автомобили пропускают сигнал и просто проезжают мимо, поэтому нам приходится сначала проверять.","Manchmal verpassen Autos das Signal und fahren einfach vorbei, deshalb müssen wir zuerst nachsehen."
GsLookAround3,"신호가 바뀌었어도,옆에서 오는 차가 있을 수 있어.","Even if the signal changes, there may be a car coming from the side.","Même si le signal change, il se peut qu'une voiture arrive sur le côté.","Даже если сигнал светофора изменится, сбоку может появиться автомобиль.","Auch wenn die Ampel umschaltet, kann es sein, dass von der Seite ein Auto kommt."
GsLookAround4,"그래서 꼭,차가 멈췄는지 먼저 보고 건너야 해.","So, you must check first to see if the car has stopped before crossing.",Vous devez donc d’abord vérifier si la voiture s’est arrêtée avant de traverser.,"Поэтому перед тем, как пересечь дорогу, вам необходимо сначала проверить, остановилась ли машина.","Daher müssen Sie vor dem Überqueren zunächst prüfen, ob das Auto angehalten hat."
GsLookAround5,"봐봐,이 친구는 초록불이 켜지자마자 그냥 건너고 있어.","Look, this guy just crosses the street as soon as the light turns green.","Regardez, ce type traverse la rue dès que le feu passe au vert.","Смотри, этот парень просто переходит улицу, как только загорается зеленый свет.","Schauen Sie, dieser Typ überquert die Straße, sobald die Ampel grün wird."
GsLookAround6,깜짝이야! 진짜 놀랐어! 이렇게 초록불인데도 오는 차가 있을 수 있어!,Wow! I'm really surprised! There can be cars coming even when the light is green!,Waouh ! Je suis vraiment surpris ! Il peut y avoir des voitures qui arrivent même quand le feu est vert !,Ого! Я действительно удивлен! Машины могут ехать даже на зеленый свет!,Wow! Ich bin wirklich überrascht! Selbst bei Grün können Autos kommen!
GsLookAround7,"그럼,이제 어떻게 하면 되는지 같이 볼까?","Well then, shall we see what to do now?","Bon, alors, voyons ce qu’il faut faire maintenant ?","Ну что ж, посмотрим, что теперь делать?","Na, wollen wir mal sehen, was wir jetzt tun?"
GsLookAround8,먼저 좌우를 살펴보고...,"First, look left and right...","Tout d’abord, regardez à gauche et à droite…",Сначала посмотрите налево и направо...,Schauen Sie zuerst nach links und rechts ...
GsLookAround9,봐봐! 이렇게 하면 진짜 안전하게 건널 수 있어!,"Look! If you do this, you can cross really safely!","Regardez ! Si vous faites ça, vous pourrez traverser en toute sécurité !","Смотри! Если ты это сделаешь, то сможешь перейти действительно безопасно!",Schau! So kommst du ganz sicher über die Straße!
Sg6_BlindSpot_1,괜찮아! 이건 잘 몰랐을 수도 있거든.,It's okay! You might not have known this.,C'est bon ! Vous ne le saviez peut-être pas.,Ничего страшного! Вы могли этого не знать.,Es ist okay! Das wussten Sie vielleicht nicht.
Sg6_BlindSpot_2,"왜 위험했는지,같이 알아보자!",Let's find out together why it was dangerous!,Découvrons ensemble pourquoi c'était dangereux !,"Давайте вместе выясним, почему это было опасно!","Lassen Sie uns gemeinsam herausfinden, warum es gefährlich war!"
Sg6_BlindSpot_3,사실 저기선 운전자가 널 못 봤을 수도 있어.,"Actually, the driver might not have seen you there.","En fait, le chauffeur ne vous a peut-être pas vu là.","На самом деле, водитель мог вас там не заметить.",Tatsächlich hat der Fahrer Sie dort möglicherweise nicht gesehen.
Sg6_BlindSpot_4,그래서 차가 돌거나 움직이기 시작하면 정말 위험할 수 있어.,So if the car starts spinning or moving it can be really dangerous.,"Donc, si la voiture commence à tourner ou à bouger, cela peut être très dangereux.","Поэтому, если автомобиль начнет вращаться или двигаться, это может быть действительно опасно.","Wenn das Auto also anfängt, sich zu drehen oder zu bewegen, kann das wirklich gefährlich sein."
Sg6_BlindSpot_5,"여기서 보면,너도 차 안에 있는 사람 얼굴이 안 보이지?","If you look here, can't you see the face of the person inside the car?","Si vous regardez ici, ne voyez-vous pas le visage de la personne à l'intérieur de la voiture ?","Если вы посмотрите сюда, разве вы не видите лицо человека внутри машины?","Wenn Sie hier hinschauen, können Sie nicht das Gesicht der Person im Auto sehen?"
Sg6_BlindSpot_6,차에 있는 사람도 마찬가지야. 너도 안 보일 수 있어.,The same goes for people in cars. You might not be visible either.,Il en va de même pour les personnes en voiture. Vous pourriez ne pas être visible non plus.,То же самое касается людей в машинах. Вас тоже могут не увидеть.,Das Gleiche gilt für Personen in Autos. Auch Sie sind möglicherweise nicht sichtbar.
Sg6_BlindSpot_7,우린 그런 자리를 ‘사각지대’라고 해. 그래서 이런 곳에선 더 조심해야 해.,We call those places ‘blind spots.’ That’s why we have to be more careful in these places.,Nous appelons ces endroits des « angles morts ». C’est pourquoi nous devons être plus prudents dans ces endroits.,Мы называем такие места «слепыми зонами». Вот почему нам следует быть в таких местах более осторожными.,Wir nennen diese Stellen „tote Winkel“. Deshalb müssen wir an diesen Stellen vorsichtiger sein.
Sg6_BlindSpot_8,"저기 친구가 있는 위치 저긴 차에 가려서,안에서 전혀 볼 수 없어.","There's a car blocking the location of my friend, so I can't see him at all from inside.","Il y a une voiture qui bloque l'emplacement de mon ami, donc je ne peux pas le voir du tout de l'intérieur.","Машина загораживает местонахождение моего друга, поэтому я вообще не могу его видеть изнутри.","Ein Auto versperrt den Blick auf meinen Freund, sodass ich ihn von innen überhaupt nicht sehen kann."
Sg6_BlindSpot_9,차가 조금만 더 갔으면 부딪힐 뻔했어! 엄청 위험하지?,"If the car had gone a little further, we almost crashed! Isn't that incredibly dangerous?","Si la voiture avait continué un peu plus loin, on aurait failli avoir un accident ! N'est-ce pas incroyablement dangereux ?","Если бы машина проехала немного дальше, мы бы чуть не разбились! Разве это не невероятно опасно?","Wäre das Auto noch ein Stück weiter gefahren, wären wir fast abgestürzt! Ist das nicht unglaublich gefährlich?"
Sg6_BlindSpot_10,그래서 우리는 운전자 시야에 안보이는 사각지대엔 절대 서 있으면 안 되는 거야.,That's why we should never stand in the blind spot of the driver's view.,C'est pourquoi nous ne devrions jamais nous tenir dans l'angle mort du conducteur.,Вот почему мы никогда не должны находиться в слепой зоне обзора водителя.,Deshalb sollten wir uns nie im toten Winkel des Fahrers aufhalten.
Sg6_BlindSpot_11,"그럼,이제 어떻게 하면 되는지 같이 볼까?","Well then, shall we see what to do now?","Bon, alors, voyons ce qu’il faut faire maintenant ?","Ну что ж, посмотрим, что теперь делать?","Na, wollen wir mal sehen, was wir jetzt tun?"
Sg6_BlindSpot_12,"봐봐,이 친구는 차 뒤가 아니라,운전자가 잘 볼 수 있는 위치로 이동하지?","Look, this guy, instead of moving to the back of the car, why don't you move to a position where the driver can see you?","Écoute, ce type, au lieu de se déplacer vers l'arrière de la voiture, pourquoi ne te déplaces-tu pas vers une position où le conducteur peut te voir ?","Послушай, этот парень, вместо того, чтобы переходить в заднюю часть машины, почему бы тебе не переместиться туда, где водитель сможет тебя видеть?","Schauen Sie, dieser Typ, anstatt nach hinten im Auto zu gehen, warum gehen Sie nicht an eine Position, wo der Fahrer Sie sehen kann?"
Sg6_BlindSpot_13,시동이 걸린 차량 근처를 지나갈 때는 항상 운전자에게 잘 보이는 위치로 이동해야 해.,"When passing a running vehicle, always move to a position where the driver can see you.","Lorsque vous dépassez un véhicule en marche, déplacez-vous toujours vers une position où le conducteur peut vous voir.","При обгоне движущегося транспортного средства всегда занимайте такое положение, чтобы водитель мог вас видеть.","Gehen Sie beim Überholen eines fahrenden Fahrzeugs immer so vor, dass der Fahrer Sie sehen kann."
Sg6_BlindSpot_14,어때? 이제 어떻게 하면 좋은지 알겠지?,"How is it? Now you know what to do, right?","Comment ça va ? Maintenant, tu sais quoi faire, n'est-ce pas ?","Ну как? Теперь ты знаешь, что делать, да?","Wie ist es? Jetzt weißt du, was zu tun ist, oder?"
Sg6_BlindSpot_15,다시 한번 도로로 돌아가서 다시 도전하자!,Let's get back on the road and try again!,Reprenons la route et essayons à nouveau !,Давайте вернемся на дорогу и попробуем еще раз!,Lasst uns zurück auf die Straße gehen und es noch einmal versuchen!
Sg7_Carprediction_1,"지금처럼,안 보이는 쪽에서도 차가 나올 수 있어.","Just like now, cars can come out from the side you can't see.","Tout comme maintenant, les voitures peuvent sortir du côté que vous ne pouvez pas voir.","Так же, как и сейчас, автомобили могут выехать с той стороны, которую вы не видите.","Genau wie jetzt können Autos von der Seite kommen, die Sie nicht sehen können."
Sg7_Carprediction_2,"그래서 골목이나 안보이는 곳에서 나서기 전엔,꼭 한 번 더 확인해야 해.","So before you go out into an alley or somewhere out of sight, you should definitely check once more.","Alors, avant de sortir dans une ruelle ou dans un endroit hors de vue, vous devriez absolument vérifier une fois de plus.","Поэтому прежде чем идти в переулок или куда-то, где вас никто не видит, обязательно проверьте еще раз.","Bevor Sie also in eine Gasse oder an einen uneinsehbaren Ort gehen, sollten Sie unbedingt noch einmal nachsehen."
Sg7_Carprediction_3,"이렇게 벽이나 차에 가려진 곳에선,차가 와도 우리가 미리 볼 수가 없어.","In places like this where we are blocked by walls or cars, we can't see a car coming in advance.","Dans des endroits comme celui-ci où nous sommes bloqués par des murs ou des voitures, nous ne pouvons pas voir une voiture arriver à l'avance.","В таких местах, где нас блокируют стены или машины, мы не можем увидеть приближающуюся машину заранее.","An Orten wie diesen, wo wir durch Mauern oder Autos blockiert sind, können wir ein kommendes Auto nicht im Voraus sehen."
Sg7_Carprediction_4,"혹시 차를 인식 하더라도,‘지금은 괜찮겠지’ 하고 그냥 움직이면 더 위험해질 수 있어.","Even if you recognize the car, if you think, ‘It’s okay now,’ and just move on, it can be more dangerous.","Même si vous reconnaissez la voiture, si vous pensez : « C’est bon maintenant » et que vous continuez, cela peut être plus dangereux.","Даже если вы узнали машину, но думаете: «Теперь все в порядке» и просто едете дальше, это может быть опаснее.","Selbst wenn Sie das Auto erkennen, kann es gefährlicher sein, wenn Sie denken: „Jetzt ist alles in Ordnung“ und einfach weiterfahren."
Sg7_Carprediction_5,"그래서 차가 나를 못 봐도,내가 먼저 보는 습관을 가지면 훨씬 더 안전해져.","So, if I get into the habit of looking at cars first, even if they can't see me, I'll be much safer.","Donc, si je prends l’habitude de regarder d’abord les voitures, même si elles ne peuvent pas me voir, je serai beaucoup plus en sécurité.","Поэтому, если я возьму в привычку сначала смотреть на машины, даже если они меня не видят, я буду в гораздо большей безопасности.","Wenn ich mir also angewöhne, zuerst auf die Autos zu schauen, auch wenn sie mich nicht sehen können, bin ich viel sicherer."
Sg7_Carprediction_6,"어라,저 친구… 주변을 안 보고 그냥 가고 있어.","Hey, that guy… He’s just walking without looking around.","Hé, ce type… Il marche sans regarder autour de lui.","Эй, этот парень... Он просто идет, не оглядываясь.","Hey, dieser Typ … Er läuft einfach herum, ohne sich umzuschauen."
Sg7_Carprediction_7,"방금처럼 서로 못 보면,진짜 큰일 날 수도 있어.","If we can't see each other like we did just now, we could be in real trouble.","Si nous ne pouvons pas nous voir comme nous l'avons fait tout à l'heure, nous pourrions avoir de sérieux problèmes.","Если мы не сможем видеться друг с другом, как сейчас, у нас могут возникнуть серьезные проблемы.","Wenn wir uns nicht mehr so sehen können wie gerade, könnten wir in echte Schwierigkeiten geraten."
Sg7_Carprediction_8,"앞이 안 보이는 길에선,꼭 멈춰서 확인하고 움직여야 해.","On a road where you can't see ahead, you must stop, check, and then move.","Sur une route où vous ne pouvez pas voir devant vous, vous devez vous arrêter, vérifier, puis avancer.","На дороге, где вы не можете видеть вперед, вам следует остановиться, проверить обстановку, а затем двигаться дальше.","Auf einer Straße, auf der Sie nicht voraussehen können, müssen Sie anhalten, prüfen und dann weiterfahren."
Sg7_Carprediction_9,"그럼,이제 어떻게 하면 되는지 같이 볼까?","Well then, shall we see what to do now?","Bon, alors, voyons ce qu’il faut faire maintenant ?","Ну что ж, посмотрим, что теперь делать?","Na, wollen wir mal sehen, was wir jetzt tun?"
Sg7_Carprediction_10,"봐봐,이 친구는 그냥 나가지 않고 먼저 멈춰서 좌우를 확인했지?","Look, this guy didn't just go out, he stopped first and looked left and right?","Regardez, ce type n'est pas simplement sorti, il s'est d'abord arrêté et a regardé à gauche et à droite ?","Смотрите, этот парень не просто вышел, он сначала остановился и посмотрел налево и направо?","Sehen Sie, dieser Typ ist nicht einfach rausgegangen, er ist erst stehen geblieben und hat nach links und rechts geschaut?"
Sg7_Carprediction_11,"앞이 안 보이는 곳에서는,항상 먼저 멈추고 확인하는 거야. 알겠지?","In places where you can't see ahead, always stop and check first. Okay?","Dans les endroits où vous ne pouvez pas voir devant vous, arrêtez-vous toujours et vérifiez d'abord. D'accord ?","В местах, где вы не можете видеть вперед, всегда останавливайтесь и проверяйте сначала. Хорошо?","An Stellen, an denen Sie nicht voraussehen können, halten Sie immer an und schauen Sie zuerst nach. Okay?"
Sg7_Carprediction_12,어때? 이제 어떻게 하면 좋은지 알겠지?,"How is it? Now you know what to do, right?","Comment ça va ? Maintenant, tu sais quoi faire, n'est-ce pas ?","Ну как? Теперь ты знаешь, что делать, да?","Wie ist es? Jetzt weißt du, was zu tun ist, oder?"
Sg7_Carprediction_13,다시 한번 도로로 돌아가서 다시 도전하자!,Let's get back on the road and try again!,Reprenons la route et essayons à nouveau !,Давайте вернемся на дорогу и попробуем еще раз!,Lasst uns zurück auf die Straße gehen und es noch einmal versuchen!
Str_Look_Beside,양 옆을 살펴요,Look at both sides,Regardez les deux côtés,Посмотрите на обе стороны,Betrachten Sie beide Seiten
Str_Raise_Hand,손을 머리 높이 올려요,Raise your hands high above your head.,Levez vos mains bien au-dessus de votre tête.,Поднимите руки высоко над головой.,Heben Sie Ihre Hände hoch über Ihren Kopf.
Str_Cross_Road,손을 들고 길을 건너 봐요,Raise your hand and cross the street.,Levez la main et traversez la rue.,Поднимите руку и перейдите улицу.,Heben Sie Ihre Hand und überqueren Sie die Straße.
Str_Hehind_Yellow,노란 안전선 뒤가 안전해요,It's safe behind the yellow safety line.,C'est sûr derrière la ligne de sécurité jaune.,За желтой линией безопасности безопасно.,Hinter der gelben Sicherheitslinie ist es sicher.
Str_Waiting_Greenlight,초록불이 켜질 때까지 기다려요,Wait until the green light turns on.,Attendez que le voyant vert s'allume.,"Подождите, пока не загорится зеленый свет.","Warten Sie, bis das grüne Licht aufleuchtet."
Str_Meeting_Friend,친구를 만나러 가야 해요,I have to go meet a friend,Je dois aller retrouver un ami,Мне нужно встретиться с другом.,Ich muss einen Freund treffen
Ch1_MissionText_0,안전하게 건널목 건너기!,Cross the street safely!,Traversez la rue en toute sécurité !,Переходите улицу безопасно!,Überqueren Sie die Straße sicher!
Ch1_MissionText_1,우선 멈춰요,"First of all, stop.","Tout d’abord, arrêtez.","Прежде всего, остановитесь.",Erstens: Hören Sie auf.
Ch1_MissionText_2,건너기 전 좌우를 살펴요,Look left and right before crossing,Regardez à gauche et à droite avant de traverser,"Посмотрите налево и направо, прежде чем перейти дорогу.",Schauen Sie vor dem Überqueren nach links und rechts
Ch1_MissionText_3,손을 들고 횡단해요,Raise your hand and cross the street,Levez la main et traversez la rue,Поднимите руку и перейдите улицу.,Heben Sie Ihre Hand und überqueren Sie die Straße
Ch2_MissionText_0,안전하게 골목길 건너기!,Cross the street safely!,Traversez la rue en toute sécurité !,Переходите улицу безопасно!,Überqueren Sie die Straße sicher!
Ch2_MissionText_1,건너기 전 좌우를 살펴요,Look left and right before crossing,Regardez à gauche et à droite avant de traverser,"Посмотрите налево и направо, прежде чем перейти дорогу.",Schauen Sie vor dem Überqueren nach links und rechts
Ch2_MissionText_2,손을 들고 횡단해요,Raise your hand and cross the street,Levez la main et traversez la rue,Поднимите руку и перейдите улицу.,Heben Sie Ihre Hand und überqueren Sie die Straße
Mini1,이번엔 아주 특별한 체험을 준비했어!,"This time, we've prepared a very special experience!","Cette fois-ci, nous vous avons préparé une expérience très spéciale !",На этот раз мы приготовили нечто совершенно особенное!,Dieses Mal haben wir ein ganz besonderes Erlebnis vorbereitet!
Mini2,차량에는 사각지대라는 게 있대! 얼마나 잘 안 보이는지 직접 확인해보자!,There's something called a blind spot in a car! Let's see for yourself how hard it is to see!,Il y a ce qu'on appelle un angle mort en voiture ! Voyons par vous-même à quel point il est difficile de voir !,"В машине есть нечто, называемое слепой зоной! Давайте сами посмотрим, насколько сложно что-то увидеть!","Es gibt so etwas wie einen toten Winkel im Auto! Überzeugen Sie sich selbst, wie schwer es ist, dort etwas zu sehen!"
Mini3,"사각지대는, 운전자 시야로는 보이지 않는 공간이야.",Blind spots are areas that are not visible to the driver.,Les angles morts sont des zones qui ne sont pas visibles pour le conducteur.,"Слепые зоны — это области, которые не видны водителю.","Tote Winkel sind Bereiche, die für den Fahrer nicht sichtbar sind."
Mini4,"창문으로도, 거울로도 잘 안 보여서… 친구가 거기 있으면 정말 위험해.",I can't see very well through the window or the mirror... It's really dangerous if my friend is there.,Je ne vois pas très bien à travers la fenêtre ou le miroir... C'est vraiment dangereux si mon ami est là.,"Я не очень хорошо вижу через окно или зеркало... Это действительно опасно, если там находится мой друг.","Ich kann durch das Fenster oder den Spiegel nicht gut sehen ... Es ist wirklich gefährlich, wenn mein Freund da ist."
Mini5,"그래서 지금부터, 그걸 네 눈으로 직접 확인해볼 거야!","So from now on, you will see it with your own eyes!","Alors à partir de maintenant, vous le verrez de vos propres yeux !",Так что отныне вы увидите все это своими глазами!,Von nun an werden Sie es mit eigenen Augen sehen!
Mini6,"사각지대가 얼마나 잘 안 보이는지, 간단한 게임으로 직접 느껴볼까?",How about experiencing for yourself how poorly blind spots are seen with a simple game?,Que diriez-vous de découvrir par vous-même à quel point les angles morts sont mal perçus avec un jeu simple ?,"А как насчет того, чтобы лично убедиться, насколько плохо видны слепые зоны в простой игре?","Wie wäre es, wenn Sie selbst erleben würden, wie schlecht blinde Flecken bei einem einfachen Spiel erkannt werden?"
Mini7,차량 주변에 장난꾸러기 친구들이 숨어 있을 거야! 너가 지목해서 찾아내면 돼!,There will be mischievous friends hiding around the car! You just have to point them out and find them!,Des amis malicieux se cacheront autour de la voiture ! Il suffit de les repérer et de les trouver !,Вокруг машины будут прятаться озорные друзья! Вам просто нужно указать на них и найти их!,Rund um das Auto verstecken sich spitzbübische Freunde! Du musst sie nur finden!
Mini8,정해진 시간 안에 몇 명을 찾아볼 수 있을까?!,How many people can you find within the given time?!,Combien de personnes pouvez-vous trouver dans le temps imparti ?!,Сколько людей вы сможете найти за отведенное время?!,Wie viele Personen können Sie in der vorgegebenen Zeit finden?!
Mini9,그럼~ 준비 되었어?!,So~ are you ready?!,"Alors, êtes-vous prêt ?!","Ну что, вы готовы?!","Also, bist du bereit?!"
Mini10,수고했어! 친구들을 얼마나 잘 찾았는지 한 번 볼까?,Good job! Let's see how well you found your friends.,Bravo ! Voyons si tu as réussi à trouver tes amis.,"Хорошая работа! Посмотрим, насколько хорошо ты нашел своих друзей.","Gut gemacht! Mal sehen, wie gut du deine Freunde gefunden hast."
Mini11,오~ 잘 찾았는걸?! 정말 잘했어! 근데... 이 친구는 아주 제대로 숨어 있었지?,"Oh~ You found it?! You did a great job! But... this guy was hiding really well, right?","Oh~ Tu l'as trouvé ?! Tu as fait du bon travail ! Mais… ce type se cachait vraiment bien, non ?","О~ Ты нашел его?! Ты проделал большую работу! Но... этот парень очень хорошо спрятался, да?","Oh~ Du hast es gefunden?! Super gemacht! Aber... der Kerl hat sich echt gut versteckt, oder?"
Mini12,"그럼 이제, 아직까지 잘 숨어 있는 친구들은 어디 있었는지 확인해볼까?","So now, let's check where our friends who have been hiding well until now are?","Alors maintenant, vérifions où sont nos amis qui se sont bien cachés jusqu'à présent ?","Итак, давайте проверим, где же наши друзья, которые до сих пор хорошо прятались?","Schauen wir also jetzt nach, wo unsere Freunde sind, die sich bisher gut versteckt haben."
Mini13,이처럼 친구들이 숨어있을 때 자동차가 움직였으면 정말 위험했을 거야.,"If the car had moved while my friends were hiding like this, it would have been really dangerous.","Si la voiture avait bougé pendant que mes amis se cachaient comme ça, cela aurait été vraiment dangereux.","Если бы машина двинулась с места, пока мои друзья прятались, это было бы действительно опасно.","Wenn sich das Auto bewegt hätte, während meine Freunde sich so versteckt hielten, wäre es wirklich gefährlich gewesen."
Mini14,이제 사각지대가 얼마나 위험한지 잘 알겠지?,"Now you know how dangerous blind spots can be, right?","Vous savez maintenant à quel point les angles morts peuvent être dangereux, n’est-ce pas ?","Теперь вы знаете, насколько опасными могут быть слепые зоны, верно?","Jetzt wissen Sie, wie gefährlich tote Winkel sein können, oder?"
Mini15,이제 너도 사각지대 전문가야~!,Now you're a blind spot expert!,Vous êtes désormais un expert des angles morts !,Теперь вы эксперт по слепым зонам!,Jetzt sind Sie ein Experte für den toten Winkel!
Mini16,"그럼, 다음 장소로 가보자!","Well then, let's go to the next place!","Bon alors, passons à l'endroit suivant !","Ну что ж, пойдем в следующее место!","Na dann, auf zum nächsten Ort!"
Mini17,주위를 한번 둘러봐!,Take a look around!,Regardez autour de vous !,Оглянитесь вокруг!,Schauen Sie sich um!
Str_Announce_Chapter2_4,잘했어! 최고야!,Good job! You're the best!,Bravo ! Tu es le meilleur !,Отличная работа! Ты лучший!,Gute Arbeit! Du bist der Beste!
Str_Announce_Chapter2_5,"골목길 안전 보행 미션 완료! 이제 골목길에서도 스스로 잘 건널 수 있겠는걸?
좋아~ 다음 학습으로 떠나볼까?","Alleyway safe walking mission completed! Now you can cross the alleyway by yourself, right? Alright~ Shall we move on to the next lesson?","Mission de marche sécurisée dans la ruelle terminée ! Vous pouvez maintenant traverser la ruelle tout seul, n'est-ce pas ? Bien, on passe à la leçon suivante ?","Миссия по безопасному переулку выполнена! Теперь ты можешь перейти переулок самостоятельно, верно? Хорошо~ Перейдем к следующему уроку?","Mission „Sicheres Gehen durch die Gasse“ abgeschlossen! Jetzt kannst du die Gasse alleine überqueren, oder? Okay, fahren wir mit der nächsten Lektion fort?"
Str_Announce_Chapter2_Minigame_1,"이번엔 아주 특별한 체험을 준비했어!
차량에는 사각지대라는 게 있대!
얼마나 잘 안 보이는지 직접 확인해보자!","This time, I've prepared a very special experience!
There is something called a blind spot in a car!
Let's see for yourself how hard it is to see!","Cette fois, je vous ai préparé une expérience vraiment spéciale !
Il existe ce qu'on appelle un angle mort dans une voiture !
Voyons par vous-même à quel point il est difficile de voir !","На этот раз я приготовил совершенно особенный опыт!
В машине есть нечто, называемое слепой зоной!
Давайте сами посмотрим, насколько сложно видеть!","Dieses Mal habe ich ein ganz besonderes Erlebnis für Sie!
Es gibt so etwas wie einen toten Winkel im Auto!
Sehen Sie selbst, wie schwer es ist, etwas zu sehen!"
Str_Announce_Chapter2_Minigame_2,"사각지대는, 운전자 시야로는 보이지 않는 공간이야.
창문으로도, 거울로도 잘 안 보여서…
친구가 거기 있으면 정말 위험해.
그래서 지금부터, 그걸 네 눈으로 직접 확인해볼 거야!","Blind spots are spaces that cannot be seen by the driver.
They are not visible through windows or mirrors…

It is really dangerous if your friend is there.
So from now on, you will check it with your own eyes!","Les angles morts sont des espaces invisibles pour le conducteur.
Ils ne sont visibles ni à travers les vitres ni les rétroviseurs…

C'est vraiment dangereux si votre ami s'y trouve.
Alors, à partir de maintenant, vous allez le vérifier de vos propres yeux !","Слепые зоны — это пространства, которые водитель не видит.
Они не видны через окна или зеркала…

Это действительно опасно, если там находится ваш друг.
Так что с этого момента вы будете проверять это собственными глазами!","Tote Winkel sind Bereiche, die vom Fahrer nicht eingesehen werden können.
Sie sind weder durch Fenster noch durch Spiegel sichtbar.

Es ist wirklich gefährlich, wenn ein Freund dabei ist.
Also überprüfe ihn ab jetzt mit eigenen Augen!"
Str_Announce_Chapter2_Minigame_3,"사각지대가 얼마나 잘 안 보이는지, 간단한 게임으로 직접 느껴볼까?
차량 주변에 장난꾸러기 친구들이 숨어 있을 거야!
너가 지목해서 찾아내면 돼!
정해진 시간 안에 몇 명을 찾아볼 수 있을까?!
그럼~ 준비 되었어?!","How hard is it to see the blind spot? Let's experience it for yourself with a simple game.
There will be mischievous friends hiding around the car!
You have to point them out and find them!
How many can you find in the given time?!
So~ Are you ready?!","Est-il difficile de voir l'angle mort ? Voyons-le par vous-même avec un jeu simple.
Des amis malicieux se cacheront autour de la voiture !
Il faut les repérer et les trouver !
Combien parviendrez-vous à en trouver dans le temps imparti ?!
Alors, prêt ?!","Насколько сложно увидеть слепую зону? Давайте испытаем это сами с помощью простой игры.
Вокруг машины будут прятаться озорные друзья!
Вы должны указать на них и найти их!
Сколько вы сможете найти за отведенное время?!
Итак~ Вы готовы?!","Wie schwer ist es, den toten Winkel zu erkennen? Lass es uns mit einem einfachen Spiel selbst erleben.
Es werden sich schelmische Freunde rund ums Auto verstecken!
Du musst sie finden und sie ausfindig machen!
Wie viele schaffst du in der vorgegebenen Zeit?!
Also, bist du bereit?!"
Str_Announce_Chapter2_Minigame_4,"수고했어! 친구들을 얼마나 잘 찾았는지 한 번 볼까?
오~ 잘 찾았는걸?! 정말 잘했어!
근데... 이 친구는 아주 제대로 숨어 있었지?","Good job! Let's see how well you found your friends.
Oh~ You found them?! You did a great job!
But... this friend hid really well, right?","Bien joué ! Voyons voir si tu as bien trouvé tes amis.
Oh~ Tu les as trouvés ?! Tu as fait du bon travail !
Mais… cet ami s'est vraiment bien caché, non ?","Хорошая работа! Посмотрим, как хорошо ты нашёл своих друзей.
О~ Ты нашёл их?! Ты отлично поработал!
Но... этот друг спрятался очень хорошо, да?","Gut gemacht! Mal sehen, wie gut du deine Freunde gefunden hast.
Oh, du hast sie gefunden?! Super gemacht!
Aber ... dieser Freund hat sich echt gut versteckt, oder?"
Str_Announce_Chapter2_Minigame_5,"그럼 이제, 아직까지 잘 숨어 있는
친구들은 어디 있었는지 확인해볼까?
이처럼 친구들이 숨어있을 때
자동차가 움직였으면 정말 위험했을 거야.
이제 사각지대가 얼마나 위험한지 잘 알겠지?","Now, let's check where our friends who are still well hidden are.
If the car had moved while our friends were hiding like this, it would have been really dangerous.
Now you know how dangerous blind spots are, right?","Maintenant, vérifions où sont nos amis encore bien cachés.
Si la voiture avait bougé pendant que nos amis se cachaient comme ça, ça aurait été vraiment dangereux.
Vous savez maintenant à quel point les angles morts sont dangereux, n'est-ce pas ?","Теперь давайте проверим, где находятся наши друзья, которые все еще хорошо спрятались.
Если бы машина двинулась, пока наши друзья прятались, это было бы действительно опасно.
Теперь вы знаете, насколько опасны слепые зоны, верно?","Schauen wir jetzt mal nach, wo unsere Freunde sind, die sich noch gut versteckt haben.
Hätte sich das Auto bewegt, während unsere Freunde sich so versteckt hielten, wäre es wirklich gefährlich gewesen.
Du weißt doch, wie gefährlich tote Winkel sind, oder?"
Str_Announce_Chapter2_Minigame_6,"이제 너도 사각지대 전문가야~!
그럼, 다음 장소로 가보자!","Now you're a blind spot expert~!
Then, let's go to the next location!","Vous êtes désormais un expert des angles morts !

Allons donc à l'endroit suivant !","Теперь ты эксперт по слепым зонам~!
Тогда пойдем в следующую локацию!","Jetzt bist du ein Experte für tote Winkel!
Dann auf zum nächsten Ort!"
Str_Announce_Chapter3_1,"주변 사람들을 잘 관찰해보는 게임이야!
위험하게 걷는 사람을 찾아서 컨트롤러로 선택해줘!
잘 찾으면 점수가 올라가고, 틀리면 점수가 깎일 수 있어!
시간 안에 많은 사람을 맞혀보자! 준비됐지?","It's a game where you have to observe the people around you carefully!
Find people walking dangerously and select them with the controller!
If you find them correctly, your score will go up, and if you get them wrong, your score may go down!
Let's guess as many people as possible within the time limit! Are you ready?","C'est un jeu où vous devez observer attentivement les gens autour de vous !
Trouvez les personnes qui marchent dangereusement et sélectionnez-les avec la manette !
Si vous les trouvez correctement, votre score augmentera, et si vous vous trompez, il pourrait baisser !
Devinez le plus de personnes possible dans le temps imparti ! Prêts ?","Это игра, в которой вам нужно внимательно наблюдать за людьми вокруг вас!
Найдите людей, которые опасно ходят, и выберите их с помощью контроллера!
Если вы найдете их правильно, ваш счет увеличится, а если вы ошибетесь, ваш счет может уменьшиться!
Давайте угадаем как можно больше людей за отведенное время! Вы готовы?","In diesem Spiel musst du die Menschen um dich herum genau beobachten!
Finde gefährliche Personen und wähle sie mit dem Controller aus!
Wenn du sie richtig errätst, steigt deine Punktzahl, und wenn du sie falsch errätst, kann sie sinken!
Lass uns innerhalb des Zeitlimits so viele Personen wie möglich erraten! Bist du bereit?"
Str_Announce_Chapter3_2,3...2...1...시작!,3...2...1...start!,3...2...1...départ !,3...2...1...старт!,3...2...1...Start!
Str_Announce_Chapter3_3,"정말 대단했어!
안전 보행 교육을 완벽히 마친 모범 보행자에게 수료증을 수여합니다!
앞으로도 안전하게 걸을 수 있겠지?  
진심으로 축하해!","That was really great!
A certificate of completion is given to the model pedestrian who has completed the safety walking training perfectly!
I hope you will be able to walk safely in the future?

Congratulations from the bottom of my heart!","C'était vraiment génial !
Un certificat de réussite est remis au piéton modèle qui a parfaitement suivi la formation de marche en toute sécurité !
J'espère que vous pourrez marcher en toute sécurité à l'avenir.

Félicitations du fond du cœur !","Это было действительно здорово!
Сертификат об окончании выдается образцовому пешеходу, который отлично завершил обучение безопасной ходьбе!
Надеюсь, вы сможете безопасно ходить в будущем?

Поздравляю от всего сердца!","Das war echt toll!
Der Musterfußgänger, der das Sicherheits-Gehtraining perfekt absolviert hat, erhält eine Teilnahmeurkunde!
Ich hoffe, du kannst auch in Zukunft sicher gehen?

Herzlichen Glückwunsch!"
Str_Announce_Chapter3_4,"수고했어~!
안전 보행 교육을 잘 마쳐서 수료증을 받을 수 있게 되었어!
조금 더 연습하면 너도 금메달에 도전할 수 있을 거야!","You worked hard~!
You successfully completed the safety walking training and were able to receive a certificate!
If you practice a little more, you too can challenge for the gold medal!","Vous avez travaillé dur !
Vous avez réussi la formation de marche sécuritaire et avez reçu un certificat !
En vous entraînant un peu plus, vous aussi, vous pourrez prétendre à la médaille d'or !","Вы усердно трудились~!
Вы успешно прошли обучение по безопасной ходьбе и смогли получить сертификат!
Если вы потренируетесь еще немного, вы тоже сможете побороться за золотую медаль!","Du hast hart gearbeitet!
Du hast das Sicherheitsgehtraining erfolgreich abgeschlossen und ein Zertifikat erhalten!
Wenn du noch ein bisschen übst, kannst auch du um die Goldmedaille kämpfen!"
Str_Announce_Chapter3_5,"정말 수고했어~ 여기까지 온 것도 멋진 일이야!
모든 게임을 끝까지 해낸 너에게 보행 안전 수료증을 줄게!
다음엔 더 멋지게 해낼 수 있을 거야!  
내가 항상 응원할게~","You worked really hard~ It's great that you've come this far!
I'll give you a pedestrian safety certificate for completing all the games!
You'll do even better next time!

I'll always be cheering you on~","Tu as travaillé dur ! C'est super que tu sois arrivé jusqu'ici !
Je te donnerai un certificat de sécurité piétonne pour avoir terminé tous les jeux !
Tu feras encore mieux la prochaine fois !

Je t'encouragerai toujours !","Ты очень усердно работал~ Здорово, что ты зашел так далеко!
Я выдам тебе сертификат безопасности пешехода за прохождение всех игр!
В следующий раз ты справишься еще лучше!

Я всегда буду тебя поддерживать~","Du hast wirklich hart gearbeitet. Toll, dass du es so weit geschafft hast!
Ich schenke dir ein Fußgängersicherheitszertifikat, wenn du alle Spiele geschafft hast!
Nächstes Mal schaffst du es noch besser!

Ich werde dich immer anfeuern."
Chapter1ClearText,건널목을 건너요 챕터의 안전 보행왕 달성을 축하합니다!,Congratulations on achieving the Safe Pedestrian King title in the Crossing the Crosswalk chapter!,Félicitations pour avoir obtenu le titre de Roi des piétons en sécurité dans le chapitre Traverser le passage pour piétons !,Поздравляем с получением титула «Король безопасных пешеходов» в главе «Пересечение пешеходного перехода»!,Herzlichen Glückwunsch zum Erreichen des Titels „König der Fußgängersicherheit“ im Kapitel „Überqueren des Zebrastreifens“!
Chapter2ClearText,골목길을 건너요 챕터의 안전 보행왕 달성을 축하합니다!,Congratulations on achieving the Safe Pedestrian King title in the Crossing the Alley chapter!,Félicitations pour avoir obtenu le titre de Roi des piétons en sécurité dans le chapitre Crossing the Alley !,Поздравляем с получением титула «Король безопасных пешеходов» в главе «Пересечение переулка»!,Herzlichen Glückwunsch zum Erreichen des Titels „Safe Pedestrian King“ im Kapitel „Crossing the Alley“!
Tutorial,튜토리얼,Tutorial,Tutoriel,Учебник,Lernprogramm
Chapter1,챕터 1,Chapter 1,Chapitre 1,Глава 1,Kapitel 1
Chapter2,챕터 2,Chapter 2,Chapitre 2,Глава 2,Kapitel 2
Chapter3,챕터 3,Chapter 3,Chapitre 3,Глава 3,Kapitel 3
NickName,닉네임,nickname,surnom,прозвище,Spitzname
Ok,확인,check,vérifier,проверять,überprüfen
Exit,나가기,Go out,Sortir,Выходить,Hinausgehen
Start,시작,start,commencer,начинать,Start
Settings,설정,setting,paramètre,параметр,Einstellung
Chapter3Mission,"교통 규칙을 지키지 않고, 뛰는 캐릭터를 잡아보자!",Let's catch the character running without following traffic rules!,Attrapons le personnage en train de courir sans respecter le code de la route !,"Давайте поймаем персонажа, бегущего без соблюдения правил дорожного движения!","Lassen Sie uns die Figur erwischen, die ohne Beachtung der Verkehrsregeln rennt!"
MissedCharacterCount,놓친 캐릭터 수,Number of characters missed,Nombre de caractères manqués,Количество пропущенных символов,Anzahl der fehlenden Zeichen
Success,성공,success,succès,успех,Erfolg
Todo,목표,target,cible,цель,Ziel
DisplaySettings,화면 설정,Screen settings,Paramètres de l'écran,Настройки экрана,Bildschirmeinstellungen
ControlSettings,조작 설정,Operation settings,Paramètres de fonctionnement,Настройки работы,Betriebseinstellungen
SoundSettings,사운드 설정,Sound settings,Paramètres sonores,Настройки звука,Toneinstellungen
GoToMain,메인으로 나가기,Go to main,Aller au principal,Перейти к основному,Gehe zum Hauptmenü
Close,닫기,close,fermer,закрывать,schließen
RenderingScale,렌더링 스케일,Rendering scale,Échelle de rendu,Масштаб рендеринга,Rendering-Skala
ChangeBrightness,밝기 조절,Brightness control,Contrôle de la luminosité,Регулировка яркости,Helligkeitsregelung
Low,낮음,lowness,modicité,низость,Niedrigkeit
High,높음,height,hauteur,высота,Höhe
Dark,어두움,gloominess,tristesse,мрачность,Düsterkeit
Bright,밝음,Brightness,Luminosité,Яркость,Helligkeit
ColorBlindnessOptions,색약 옵션,Colorblind options,Options pour les daltoniens,Варианты для дальтоников,Optionen für Farbenblinde
ResetSettings,설정값 초기화,Reset settings,Réinitialiser les paramètres,Сбросить настройки,Einstellungen zurücksetzen
NoRotation,컨트롤러 회전 사용안함,Disable controller rotation,Désactiver la rotation du contrôleur,Отключить вращение контроллера,Controller-Rotation deaktivieren
FixedAngleRotation,고정각도 회전,Fixed angle rotation,Rotation à angle fixe,Фиксированный угол поворота,Festwinkeldrehung
SmoothRotation,부드러운 회전,Smooth rotation,Rotation en douceur,Плавное вращение,Sanfte Drehung
RotationAngle,회전각도,Rotation angle,Angle de rotation,Угол поворота,Drehwinkel
SmoothRotationSpeed,부드러운 회전 속도,Smooth rotation speed,Vitesse de rotation fluide,Плавная скорость вращения,Gleichmäßige Rotationsgeschwindigkeit
Slow,느림,Slow,Lent,Медленный,Langsam
Fast,빠름,speed,vitesse,скорость,Geschwindigkeit
MasterVolume,전체 음량,Full volume,Volume complet,Полный объем,Volle Lautstärke
BgmVolume,BGM 볼륨,BGM volume,Volume de la musique de fond,Громкость фоновой музыки,BGM-Lautstärke
VoiceVolume,음성 안내 볼륨,Voice guidance volume,Volume du guidage vocal,Громкость голосовых подсказок,Lautstärke der Sprachführung
SfxVolume,효과음 볼륨,Sound effect volume,Volume de l'effet sonore,Громкость звукового эффекта,Lautstärke der Soundeffekte
WhatYourName,당신의 이름은?,What is your name?,Quel est ton nom?,Как вас зовут?,Wie heißt du?
EnterName,이름을 입력해주세요.,Please enter your name.,Veuillez entrer votre nom.,Введите свое имя.,Bitte geben Sie Ihren Namen ein.
NameValidationMessage1,"한글, 영어 대소문자 가능","Korean, English uppercase and lowercase letters are possible",Les lettres majuscules et minuscules coréennes et anglaises sont possibles,Возможны заглавные и строчные буквы корейского и английского языков.,"Koreanische, englische Groß- und Kleinbuchstaben sind möglich"
NameValidationMessage2,여백 불가/초성 불가/최대 8자,No spaces/No initial consonants/Maximum 8 characters,Pas d'espaces/Pas de consonnes initiales/8 caractères maximum,Без пробелов/Без начальных согласных/Максимум 8 символов,Keine Leerzeichen/Keine Anfangskonsonanten/Maximal 8 Zeichen
TutorialCaution,주의 사항,caution,prudence,осторожность,Vorsicht
TutorialCaution1,보호자의 지도 필요,Parental guidance required,Surveillance parentale requise,Требуется родительское руководство,Elterliche Aufsicht erforderlich
TutorialCaution2,"팔 들기, 고개 돌리기 등 큰 동작 조심하기",Be careful of large movements such as lifting your arms or turning your head.,Soyez prudent avec les grands mouvements tels que lever les bras ou tourner la tête.,"Будьте осторожны, делая резкие движения, например, поднимая руки или поворачивая голову.",Seien Sie vorsichtig bei großen Bewegungen wie dem Heben der Arme oder dem Drehen des Kopfes.
TutorialCaution3,어지럼증 시 즉시 중단,Stop immediately if you feel dizzy.,Arrêtez immédiatement si vous vous sentez étourdi.,"Немедленно остановитесь, если почувствуете головокружение.","Hören Sie sofort auf, wenn Ihnen schwindelig wird."
TutorialConfirm,아래 닉네임으로 설정하시겠습니까?,Would you like to set it as the nickname below?,Souhaitez-vous le définir comme surnom ci-dessous ?,Хотите ли вы установить его в качестве псевдонима ниже?,Möchten Sie es unten als Spitznamen festlegen?
Back,이전,Back,Dos,Назад,Zurück
NicknameSetupComplete,닉네임 설정 완료!,Nickname setup complete!,Configuration du pseudo terminée !,Настройка псевдонима завершена!,Einrichtung des Spitznamens abgeschlossen!
MyNickName,내 닉네임,My nickname,Mon surnom,Мой никнейм,Mein Spitzname
FoundFriendCount,찾은 친구 수,Number of friends found,Nombre d'amis trouvés,Количество найденных друзей,Anzahl der gefundenen Freunde
NotFoundFriendCount,찾지 못한 친구 수,Number of friends not found,Nombre d'amis non trouvés,"Количество друзей, которые не найдены",Anzahl der nicht gefundenen Freunde
ColorBlindnessCorrection,색약 보정,Color blindness correction,Correction du daltonisme,Коррекция дальтонизма,Korrektur der Farbenblindheit
ColorBlindnessOff,끔,Off,Désactivé,Выключенный,Aus
ColorBlindnessRed,적색,Red,Rouge,Красный,Rot
ColorBlindnessGreen,녹색,green,vert,зеленый,Grün
ColorBlindnessBlue,청색,blue,bleu,синий,Blau
CompleteInput,입력완료,Input completed,Saisie terminée,Ввод завершен,Eingabe abgeschlossen
Next,다음,next,suivant,следующий,nächste
TutoMoveSwingTip,팔을 휘둘러 캐릭터를 향해 걸어보세요!,Walk towards the character by swinging your arms!,Marchez vers le personnage en balançant vos bras !,"Подойдите к персонажу, размахивая руками!",Gehen Sie mit schwingenden Armen auf die Figur zu!
TutoMoveLookaroundTip,왼쪽 오른쪽을 둘러봐 게이지를 채워봐요!,Look left and right and fill up the gauge!,Regardez à gauche et à droite et remplissez la jauge !,Посмотрите налево и направо и заполните шкалу!,Schauen Sie nach links und rechts und füllen Sie die Anzeige auf!
TutoCrosswalkTip,왼손을 들고 횡단보도를 건너봐요,Raise your left hand and cross the crosswalk.,Levez la main gauche et traversez le passage piéton.,Поднимите левую руку и перейдите пешеходный переход.,Heben Sie Ihre linke Hand und überqueren Sie den Zebrastreifen.
TutorialClearTitle,튜토리얼 클리어!!,Clear the tutorial!!,Terminez le tutoriel !!,Пройдите обучение!!,Schließe das Tutorial ab!!
TutorialClearText,"축하해요! 연습을 모두 마쳤어요!!
이제 안전 보행왕이 되기 위해 다음 챕터로 이동해볼까요?","Congratulations! You've completed all the exercises!! Now, shall we move on to the next chapter to become the safe walking king?",Félicitations ! Vous avez terminé tous les exercices ! Passons maintenant au chapitre suivant pour devenir le roi de la marche en toute sécurité.,"Поздравляю! Вы выполнили все упражнения!! Теперь перейдем к следующей главе, чтобы стать королем безопасной ходьбы?","Herzlichen Glückwunsch! Sie haben alle Übungen abgeschlossen! Gehen wir nun zum nächsten Kapitel über, um der König des sicheren Gehens zu werden?"
Korean,한국어,Korean,coréen,корейский,Koreanisch
English,영어,English,Anglais,Английский,Englisch
French,프랑스어,French,Français,Французский,Französisch
german,독일어,German,Allemand,немецкий,Deutsch
Russian,러시아어,Russian,russe,Русский,Russisch
End,종료,End,Fin,Конец,Ende
Language,언어,language,langue,язык,Sprache
MissionClearText,미션 클리어!!,Mission clear!!,Mission claire !!,Миссия выполнена!!,Mission erledigt!!
MissionLabelText,클리어 한 미션,Cleared mission,Mission terminée,Пройденная миссия,Mission abgeschlossen
