Key,Korean(ko),English(en),Japanese(ja),Chinese (Simplified)(zh),French(fr),Hindi(hi),Russian(ru),German(de)
Sg1_1,괜찮아. 누구나 실수할 수 있는 거야.,It's okay. Anyone can make mistakes.,大丈夫。誰でも間違いを犯すことがある。,没关系，谁都会犯错。,Ce n'est pas grave. Tout le monde peut faire des erreurs.,"कोई बात नहीं, ग़लतियाँ तो कोई भी कर सकता है।",Ничего страшного. Каждый может ошибаться.,Es ist okay. Jeder kann Fehler machen.
Sg1_2,"방금 있었던 일이 왜 위험했는지, 같이 살펴보자!",Let's take a look together at why what just happened was dangerous!,今起こった出来事がなぜ危険だったのか、一緒に考えてみましょう。,让我们一起看看刚刚发生的事情为什么是危险的！,Voyons ensemble pourquoi ce qui vient de se passer était dangereux !,आइये हम सब मिलकर देखें कि जो कुछ हुआ वह खतरनाक क्यों था!,"Давайте вместе разберемся, почему произошедшее было опасным!","Lassen Sie uns gemeinsam einen Blick darauf werfen, warum das, was gerade passiert ist, gefährlich war!"
Sg1_3,"방금 행동이 위험했던 건, 네가 노란선을 지나쳤기 때문이야.",The reason your actions were dangerous just now was because you crossed the yellow line.,今のあなたの行動が危険だったのは、黄色い線を越えたからです。,你刚才的行为之所以危险，是因为你越过了黄线。,La raison pour laquelle vos actions étaient dangereuses à l’instant était que vous aviez franchi la ligne jaune.,अभी आपकी गतिविधियां खतरनाक इसलिए थीं क्योंकि आपने पीली रेखा पार कर ली थी।,"Причина, по которой ваши действия были опасными, заключалась в том, что вы пересекли желтую линию.","Der Grund, warum Ihr Handeln gerade gefährlich war, lag darin, dass Sie die gelbe Linie überquert haben."
Sg1_4,그 선은 멈추라는 표시야. 무시하면 진짜 큰 사고로 이어질 수도 있어.,That line is a stop sign. Ignoring it could lead to a really big accident.,あの線は一時停止の標識です。無視すると大きな事故につながる可能性があります。,那条线是停车标志。忽视它可能会导致严重的事故。,Cette ligne est un panneau stop. L'ignorer pourrait entraîner un grave accident.,यह लाइन एक स्टॉप साइन है। इसे नज़रअंदाज़ करने से बहुत बड़ी दुर्घटना हो सकती है।,Эта линия — знак «стоп». Игнорирование ее может привести к очень большой аварии.,Diese Linie ist ein Stoppschild. Das Ignorieren dieser Linie kann zu einem schweren Unfall führen.
Sg1_5,"안전선이 있는 이유는,운전자들이 우리를 더 쉽게 볼 수 있도록 하기 위해서야.",The reason there are safety lines is to make it easier for drivers to see us.,安全線があるのは、ドライバーが私たちをより見やすくするためです。,设置安全线是为了方便司机看到我们。,La raison pour laquelle il y a des lignes de sécurité est de permettre aux conducteurs de nous voir plus facilement.,सुरक्षा रेखाएं इसलिए बनाई गई हैं ताकि वाहन चालकों को हमें देखने में आसानी हो।,"Причина установки линий безопасности в том, что водителям легче нас заметить.","Der Grund für die Sicherheitslinien besteht darin, dass wir für die Autofahrer leichter zu sehen sind."
Sg1_6,"그리고 혹시라도 너무 앞으로 나가면,차와 부딪힐 위험이 있기 때문이야.","And if you go too far forward, you run the risk of hitting a car.",また、あまり前に進みすぎると、車に衝突する危険があります。,如果你走得太远，就会有撞到汽车的危险。,"Et si vous avancez trop, vous courez le risque de heurter une voiture.",और यदि आप बहुत आगे चले जाएं तो कार से टकराने का खतरा रहता है।,"А если вы проедете слишком далеко вперед, вы рискуете столкнуться с автомобилем.","Und wer zu weit nach vorne fährt, läuft Gefahr, mit einem Auto zusammenzustoßen."
Sg1_7,"봐봐,저렇게 너무 앞으로 나가 있으면…","Look, if you go too far forward like that…",ほら、そんなに前に出過ぎたら…,瞧，如果你这样走得太远的话……,"Écoute, si tu vas trop loin comme ça…","देखो, अगर तुम इस तरह बहुत आगे चले गए...","Послушайте, если вы зайдете слишком далеко вперед…","Schauen Sie, wenn Sie so zu weit nach vorne gehen …"
Sg1_8,차가 오다가 진짜 부딪힐 수도 있어!,A car might actually hit you if it comes!,車が来たら本当にぶつかるかもしれませんよ！,如果汽车来了，它可能会撞到你！,Une voiture pourrait bien vous percuter si elle arrive !,यदि कोई कार आपके पास आए तो वह आपको टक्कर मार सकती है!,"Если машина подъедет, она действительно может вас сбить!","Es könnte tatsächlich passieren, dass Sie von einem Auto angefahren werden, wenn es kommt!"
Sg1_9,"그럼,어떻게 해야 안전한지 같이 한번 볼까?","Well then, let's take a look at how to be safe.",それでは、安全を確保する方法を見てみましょう。,那么，让我们看看如何确保安全。,"Eh bien, voyons comment être en sécurité.",तो फिर आइये देखें कि कैसे सुरक्षित रहा जाए।,"Ну что ж, давайте посмотрим, как обезопасить себя.","Schauen wir uns also an, wie wir uns schützen können."
Sg1_10,"봐봐,이 친구는 노란선 안쪽에서 잘 기다리고 있어!","Look, this guy is waiting just inside the yellow line!",見て、この男は黄色い線のすぐ内側で待っているよ！,看，这家伙就在黄线里面等着！,"Regardez, ce type attend juste à l’intérieur de la ligne jaune !","देखो, यह आदमी पीली लाइन के अन्दर इंतजार कर रहा है!","Смотри, этот парень ждет прямо за желтой линией!","Schauen Sie, dieser Typ wartet direkt hinter der gelben Linie!"
Sg1_11,"이런 식으로 하면,운전자도 너를 잘 볼 수 있어서 훨씬 더 안전해!","This way, the driver can see you better, so it's much safer!",こうすることで、運転手があなたをよく見ることができるので、はるかに安全になります。,这样，司机就能更好地看到你，所以更安全！,"De cette façon, le conducteur peut mieux vous voir, c'est donc beaucoup plus sûr !","इस तरह, ड्राइवर आपको बेहतर देख सकेगा, इसलिए यह अधिक सुरक्षित होगा!","Так водитель сможет вас лучше видеть, а значит, это намного безопаснее!",Auf diese Weise kann der Fahrer Sie besser sehen und es ist viel sicherer!
Sg1_12,어때? 이제 어떻게 하면 좋은지 알겠지?,"How is it? Now you know what to do, right?",どうですか？これで何をすればいいか分かりましたね？,怎么样？现在你知道该怎么做了吧？,"Comment ça va ? Maintenant, tu sais quoi faire, n'est-ce pas ?","अब आप समझ गए होंगे कि क्या करना है, है न?","Ну как? Теперь ты знаешь, что делать, да?","Wie ist es? Jetzt weißt du, was zu tun ist, oder?"
Sg1_13,다시 한번 도로로 돌아가서 다시 도전하자!,Let's get back on the road and try again!,再び出発して、もう一度挑戦してみましょう!,让我们重新上路，再试一次！,Reprenons la route et essayons à nouveau !,"आइये, पुनः सड़क पर चलें और पुनः प्रयास करें!",Давайте вернемся на дорогу и попробуем еще раз!,Lasst uns zurück auf die Straße gehen und es noch einmal versuchen!
Sg4_1,괜찮아. 누구나 실수할 수 있는 거야.,It's okay. Anyone can make mistakes.,大丈夫。誰でも間違いを犯すことがある。,没关系，谁都会犯错。,Ce n'est pas grave. Tout le monde peut faire des erreurs.,"कोई बात नहीं, ग़लतियाँ तो कोई भी कर सकता है।",Ничего страшного. Каждый может ошибаться.,Es ist okay. Jeder kann Fehler machen.
Sg4_2,"방금 있었던 일이 왜 위험했는지,같이 살펴보자!",Let's take a look at why what just happened was dangerous!,今起こったことがなぜ危険だったのかを見てみましょう。,让我们看看为什么刚刚发生的事情是危险的！,Voyons pourquoi ce qui vient de se passer était dangereux !,आइये देखें कि अभी जो हुआ वह खतरनाक क्यों था!,"Давайте разберемся, почему произошедшее было опасным!","Schauen wir uns an, warum das, was gerade passiert ist, gefährlich war!"
Sg4_3,아까 넌 초록불이 깜빡이기 시작했을 때 건너기 시작했지?,"You started crossing when the green light started blinking, right?",青信号が点滅し始めたら渡り始めましたか？,当绿灯开始闪烁时你就开始过马路了，对吗？,"Vous avez commencé à traverser lorsque le feu vert a commencé à clignoter, n'est-ce pas ?","आपने तभी सड़क पार करना शुरू कर दिया था जब हरी बत्ती चमकने लगी थी, है ना?","Вы начали переходить дорогу, когда замигал зеленый свет, верно?","Sie haben mit dem Überqueren begonnen, als die grüne Ampel zu blinken begann, richtig?"
Sg4_4,"그때는 곧 신호가 바뀐다는 뜻이라서,건너기엔 너무 위험한 순간이야.","At that moment, it is too dangerous to cross because it means the signal will change soon.",その瞬間、信号がすぐに変わることを意味するので、渡るのは非常に危険です。,此时，过马路非常危险，因为这意味着信号很快就会改变。,"À ce moment-là, il est trop dangereux de traverser car cela signifie que le signal va bientôt changer.","उस समय, इसे पार करना बहुत खतरनाक है क्योंकि इसका मतलब है कि सिग्नल जल्द ही बदल जाएगा।","В этот момент переходить дорогу слишком опасно, поскольку это означает, что сигнал светофора скоро сменится.","In diesem Moment ist es zu gefährlich, die Straße zu überqueren, da dies bedeutet, dass die Ampel bald umschaltet."
Sg4_5,초록불이 깜빡이면 곧 빨간불로 바뀐다는 뜻이야.,"If the green light is blinking, it means it will soon turn red.",緑色のライトが点滅している場合は、もうすぐ赤色に変わることを意味します。,如果绿灯闪烁，则表示它很快就会变成红灯。,"Si le voyant vert clignote, cela signifie qu'il deviendra bientôt rouge.",यदि हरी बत्ती चमक रही है तो इसका मतलब है कि वह जल्द ही लाल हो जाएगी।,"Если мигает зеленый свет, значит, скоро он станет красным.","Wenn das grüne Licht blinkt, bedeutet dies, dass es bald rot wird."
Sg4_6,"이때 건너면, 길 한가운데에 멈춰 있게 될 수도 있고,차가 달려올 수도 있어.","If you cross at this time, you may end up stopped in the middle of the road, or a car may come running.",この時に渡ってしまうと、道路の真ん中で止まってしまったり、車が走ってきてしまう可能性があります。,如果此时过马路，您可能会停在路中间，或者可能会有车跑过来。,"Si vous traversez à ce moment-là, vous risquez de vous retrouver arrêté au milieu de la route ou une voiture pourrait arriver en trombe.","यदि आप इस समय सड़क पार करते हैं, तो हो सकता है कि आप सड़क के बीच में रुक जाएं, या कोई कार दौड़ती हुई आ जाए।","Если вы переходите дорогу в это время, вы можете оказаться остановившимся посреди дороги, или на вас может выскочить машина.","Wenn Sie zu dieser Zeit die Straße überqueren, bleiben Sie möglicherweise mitten auf der Straße stehen oder es kommt ein Auto angerannt."
Sg4_7,"봐봐,지금 깜빡이는데도 그냥 건너면....","Look, it's blinking right now, but if you just cross it...",ほら、今は点滅しているけど、それを渡れば...,看，它现在正在闪烁，但如果你穿过它......,"Regardez, ça clignote en ce moment, mais si vous le traversez...","देखो, यह अभी चमक रहा है, लेकिन यदि आप इसे पार कर जाएं...","Смотри, он сейчас мигает, но если ты просто его пересечешь...","Schauen Sie, es blinkt gerade, aber wenn Sie es einfach überqueren ..."
Sg4_8,아아! 이럴 줄 알았어!,Ahh! I knew it!,ああ！やっぱりそうだった！,啊！我就知道！,Ahh ! Je le savais !,आह! मुझे पता था!,Ах! Я так и знал!,Ahh! Ich wusste es!
Sg4_9,지키지 않으면 저런 상황이 나올 거야! 그러니까 꼭 지켜야 해! 그래야 진짜 안전해,"If you don't follow the rules, that kind of situation will happen! So you have to follow them! That's the only way to be truly safe.",ルールを守らないと、こういうことが起きるんです！だからルールは守らなきゃ！それが本当に安全でいる唯一の方法なんです。,如果你不遵守规则，就会发生这种情况！所以你必须遵守！这是真正安全的唯一方法。,"Si vous ne respectez pas les règles, ce genre de situation arrivera ! Alors, respectez-les ! C'est la seule façon d'être vraiment en sécurité.","अगर आप नियमों का पालन नहीं करेंगे, तो ऐसी स्थिति पैदा हो ही जाएगी! इसलिए आपको उनका पालन करना होगा! यही सही मायने में सुरक्षित रहने का एकमात्र तरीका है।","Если вы не будете следовать правилам, то такая ситуация будет происходить! Поэтому вам придется их соблюдать! Это единственный способ быть по-настоящему в безопасности.","Wenn du dich nicht an die Regeln hältst, kann es zu solchen Situationen kommen! Halte dich also unbedingt daran! Nur so bist du wirklich sicher."
Sg4_10,"그럼,이제 어떻게 하면 되는지 같이 볼까?","Well then, shall we see what to do now?",さて、これから何をするか考えてみましょうか。,那么，我们现在看看该做什么好吗？,"Bon, alors, voyons ce qu’il faut faire maintenant ?","तो फिर, अब हम देखेंगे कि क्या करना है?","Ну что ж, посмотрим, что теперь делать?","Na, wollen wir mal sehen, was wir jetzt tun?"
Sg4_11,이 친구는 깜빡일 땐 멈추고 다음 신호까지 기다리는거 보이지?,Can you see this guy stopping when the light flashes and waiting until the next signal?,信号が点滅すると停止し、次の信号まで待っているこの人が見えますか?,你能看到这个家伙在灯闪烁时停下来等待下一个信号吗？,Pouvez-vous voir ce type s’arrêter lorsque le feu clignote et attendre le prochain signal ?,क्या आप इस आदमी को लाइट चमकने पर रुकते और अगले सिग्नल तक इंतजार करते हुए देख सकते हैं?,"Видите ли вы этого парня, который останавливается, когда мигает свет, и ждет следующего сигнала?","Können Sie sich vorstellen, dass dieser Typ anhält, wenn die Ampel blinkt, und auf das nächste Signal wartet?"
Sg4_12,"이렇게 기다렸다가 건너면,안전하게 길을 건널 수 있어!","If you wait like this and then cross, you can cross the road safely!",このように待って渡れば安全に道路を渡れます！,如果你这样等待然后再过马路，你就可以安全过马路了！,"Si vous attendez comme ça et que vous traversez ensuite, vous pourrez traverser la route en toute sécurité !","यदि आप इस तरह प्रतीक्षा करें और फिर सड़क पार करें, तो आप सुरक्षित रूप से सड़क पार कर सकते हैं!","Если вы подождете вот так, а затем перейдете дорогу, вы сможете перейти ее безопасно!","Wenn Sie so warten und dann überqueren, können Sie die Straße sicher überqueren!"
Sg4_13,어때? 이제 어떻게 하면 좋은지 알겠지?,"How is it? Now you know what to do, right?",どうですか？これで何をすればいいか分かりましたね？,怎么样？现在你知道该怎么做了吧？,"Comment ça va ? Maintenant, tu sais quoi faire, n'est-ce pas ?","अब आप समझ गए होंगे कि क्या करना है, है न?","Ну как? Теперь ты знаешь, что делать, да?","Wie ist es? Jetzt weißt du, was zu tun ist, oder?"
Sg4_14,다시 한번 도로로 돌아가서 다시 도전하자!,Let's get back on the road and try again!,再び出発して、もう一度挑戦してみましょう!,让我们重新上路，再试一次！,Reprenons la route et essayons à nouveau !,"आइये, पुनः सड़क पर चलें और पुनः प्रयास करें!",Давайте вернемся на дорогу и попробуем еще раз!,Lasst uns zurück auf die Straße gehen und es noch einmal versuchen!
Sg5_1,괜찮아. 누구나 실수할 수 있는 거야.,It's okay. Anyone can make mistakes.,大丈夫。誰でも間違いを犯すことがある。,没关系，谁都会犯错。,Ce n'est pas grave. Tout le monde peut faire des erreurs.,"कोई बात नहीं, ग़लतियाँ तो कोई भी कर सकता है।",Ничего страшного. Каждый может ошибаться.,Es ist okay. Jeder kann Fehler machen.
Sg5_2,"방금 있었던 일이 왜 위험했는지,같이 살펴보자!",Let's take a look at why what just happened was dangerous!,今起こったことがなぜ危険だったのかを見てみましょう。,让我们看看为什么刚刚发生的事情是危险的！,Voyons pourquoi ce qui vient de se passer était dangereux !,आइये देखें कि अभी जो हुआ वह खतरनाक क्यों था!,"Давайте разберемся, почему произошедшее было опасным!","Schauen wir uns an, warum das, was gerade passiert ist, gefährlich war!"
Sg5_3,"방금,횡단보도에서 건너다가 중간에 갑자기 멈췄지?","Just now, you were crossing the street and suddenly stopped in the middle of the street?",先ほど、道路を横断中に突然道路の真ん中で立ち止まりましたか？,刚才你正在过马路，突然停在马路中间？,"Tout à l'heure, vous traversiez la rue et vous vous êtes soudainement arrêté au milieu de la rue ?",अभी आप सड़क पार कर रहे थे और अचानक सड़क के बीच में रुक गए?,Только что вы переходили улицу и внезапно остановились посреди дороги?,Sie sind gerade über die Straße gegangen und plötzlich mitten auf der Straße stehen geblieben?
Sg5_4,네가 걷는다고 생각하고 모두가 기다리고 있었는데,Everyone was waiting for you to walk,みんながあなたが歩くのを待っていた,大家都在等你走,Tout le monde attendait que tu marches,हर कोई तुम्हारे चलने का इंतज़ार कर रहा था,"Все ждали, когда ты пойдешь.","Alle haben darauf gewartet, dass du gehst"
Sg5_5,갑자기 멈추면 주변이 혼란스러워질 수 있어.,"If you stop suddenly, the surroundings may become chaotic.",急に止まると周囲が混乱する恐れがあります。,如果突然停下来，周围环境可能会变得混乱。,"Si vous vous arrêtez brusquement, l’environnement peut devenir chaotique.",यदि आप अचानक रुकेंगे तो आसपास का माहौल अस्त-व्यस्त हो सकता है।,"Если вы резко остановитесь, вокруг может начаться хаос.","Wenn Sie plötzlich anhalten, kann die Umgebung chaotisch werden."
Sg5_6,도로는 그냥 서 있기엔 너무 위험한 곳이야.,The road is too dangerous to just stand there.,その道は、ただそこに立っているには危険すぎる。,路太危险了，不能站在那里。,La route est trop dangereuse pour rester là.,सड़क इतनी खतरनाक है कि वहां खड़े रहना संभव नहीं है।,"Дорога слишком опасна, чтобы просто стоять там.","Die Straße ist zu gefährlich, um einfach nur dort zu stehen."
Sg5_7,차는 네가 계속 걷는다고 생각하고 멈춰 있었는데,The car stopped because it thought you were going to keep walking.,あなたが歩き続けるだろうと考えたので、車は止まりました。,汽车停了下来，因为它以为你会继续走路。,La voiture s'est arrêtée parce qu'elle pensait que tu allais continuer à marcher.,कार रुक गई क्योंकि उसे लगा कि आप चलते रहेंगे।,"Машина остановилась, потому что подумала, что вы пойдете дальше.","Das Auto hat angehalten, weil es dachte, Sie würden weiterlaufen."
Sg5_8,"멈춰버리면,차도 그렇고 뒤따라오는 사람들도 ‘어? 왜 멈췄지?’ 하고 당황할 수 있어.","If you stop, the car and the people following behind you may be confused and ask, ""Huh? Why did you stop?""",停止してしまうと、後続の車や人から「え？なんで止まったの？」と戸惑われるかもしれません。,如果你停下来，后面的车和人可能会感到困惑，并问：“啊？你为什么停下来？”,"Si vous vous arrêtez, la voiture et les personnes qui vous suivent pourraient être confuses et demander : « Hein ? Pourquoi vous êtes-vous arrêté ? »","यदि आप रुकते हैं, तो कार और आपके पीछे चल रहे लोग भ्रमित हो सकते हैं और पूछ सकते हैं, ""हं? आपने क्यों रुक गए?""","Если вы остановитесь, машина и люди, идущие за вами, могут растеряться и спросить: «А? Почему вы остановились?»","Wenn Sie anhalten, sind das Auto und die Leute hinter Ihnen möglicherweise verwirrt und fragen: „Hä? Warum haben Sie angehalten?“"
Sg5_9,"그렇게 흐름이 엉키면,더 위험한 상황이 생길 수 있어.","If the flow gets tangled like that, a more dangerous situation can arise.",このように流れが絡まってしまうと、さらに危険な状況が発生する可能性があります。,如果水流变得如此混乱，就会出现更危险的情况。,"Si le flux s’emmêle de cette façon, une situation plus dangereuse peut survenir.",यदि प्रवाह इस तरह उलझ गया तो अधिक खतरनाक स्थिति उत्पन्न हो सकती है।,"Если поток запутается подобным образом, может возникнуть более опасная ситуация.","Wenn der Fluss auf diese Weise durcheinander gerät, kann eine gefährlichere Situation entstehen."
Sg5_10,"그래서 도로 위에서는,멈추지 않고 쭉 걷는 게 가장 안전한 거야.","So, on the road, the safest thing to do is to just keep walking without stopping.",したがって、道路上で最も安全なのは、止まらずに歩き続けることです。,因此，在路上，最安全的做法就是一直走，不要停下来。,"Donc, sur la route, la chose la plus sûre à faire est de continuer à marcher sans s’arrêter.","इसलिए, सड़क पर सबसे सुरक्षित बात यह है कि बिना रुके चलते रहें।","Поэтому на дороге самое безопасное — просто продолжать идти, не останавливаясь.","Auf der Straße ist es am sichersten, einfach weiterzugehen, ohne anzuhalten."
Sg5_11,"방금처럼 갑자기 멈추면,뒤에 오는 사람도 놀라서 다칠 수 있어.","If you stop suddenly like you just did, people behind you could be surprised and get hurt.",今のように急に停止すると、後ろにいる人が驚いて怪我をする可能性があります。,如果您像刚才那样突然停车，后面的人可能会受到惊吓并受伤。,"Si vous vous arrêtez brusquement comme vous venez de le faire, les personnes derrière vous pourraient être surprises et se blesser.","यदि आप अचानक रुक गए, जैसा कि आपने अभी किया, तो आपके पीछे बैठे लोग आश्चर्यचकित हो सकते हैं और चोटिल हो सकते हैं।","Если вы резко остановитесь, как только что, люди позади вас могут быть удивлены и получить травмы.","Wenn Sie so plötzlich anhalten, wie Sie es gerade getan haben, könnten die Leute hinter Ihnen überrascht werden und verletzt werden."
Sg5_12,"이렇게 흐름이 엉키면,차도 보행자도 다 위험해질 수 있어.","If the flow becomes entangled like this, it can be dangerous for both cars and pedestrians.",このように流れが絡まってしまうと、車にとっても歩行者にとっても危険です。,如果车流像这样纠缠在一起，对汽车和行人来说都很危险。,"Si le flux devient ainsi enchevêtré, cela peut être dangereux pour les voitures et les piétons.",यदि प्रवाह इस तरह उलझ जाए तो यह कारों और पैदल यात्रियों दोनों के लिए खतरनाक हो सकता है।,"Если поток запутается подобным образом, это может быть опасно как для автомобилей, так и для пешеходов.","Kommt es zu einem derartigen Stau, kann dies sowohl für Autos als auch für Fußgänger gefährlich werden."
Sg5_13,"자,이제 어떻게 하면 되는지 같이 한번 볼까?","Okay, let's take a look at how to do it.",さて、やり方を見てみましょう。,好的，我们来看看怎么做。,"Ok, voyons comment procéder.","ठीक है, आइये देखें कि यह कैसे किया जाता है।","Хорошо, давайте посмотрим, как это сделать.","Okay, schauen wir uns an, wie es geht."
Sg5_14,"정말 간단해! 도로를 걸을 땐,멈추지 않고 끝까지 쭉 걷는 거야.","It's really simple! When you walk on the road, just walk straight to the end without stopping.",すごく簡単です！道を歩くときは、止まらずにまっすぐ突き当たりまで歩いてください。,很简单！走在路上，就一直走到尽头，不要停。,"C'est très simple ! Quand vous marchez sur la route, allez droit au bout sans vous arrêter.","यह बहुत आसान है! जब आप सड़क पर चलें, तो बिना रुके सीधे अंत तक चलें।","Это действительно просто! Когда вы идете по дороге, просто идите прямо до конца, не останавливаясь.","Es ist ganz einfach! Wenn Sie auf der Straße gehen, gehen Sie einfach geradeaus bis zum Ende, ohne anzuhalten."
Sg5_15,너라면 분명히 할 수 있을 거야. 믿고 있어!,I'm sure you can do it. I believe in you!,君ならきっとできるよ。信じてるよ！,我确信你能做到。我相信你！,Je suis sûr que tu peux y arriver. Je crois en toi !,मुझे यकीन है कि आप यह कर सकते हैं। मुझे आप पर विश्वास है!,"Я уверен, ты сможешь это сделать. Я верю в тебя!","Ich bin sicher, dass du es schaffst. Ich glaube an dich!"
Sg5_16,어때? 이제 어떻게 하면 좋은지 알겠지?,"How is it? Now you know what to do, right?",どうですか？これで何をすればいいか分かりましたね？,怎么样？现在你知道该怎么做了吧？,"Comment ça va ? Maintenant, tu sais quoi faire, n'est-ce pas ?","अब आप समझ गए होंगे कि क्या करना है, है न?","Ну как? Теперь ты знаешь, что делать, да?","Wie ist es? Jetzt weißt du, was zu tun ist, oder?"
Sg5_17,다시 한번 도로로 돌아가서 다시 도전하자!,Let's get back on the road and try again!,再び出発して、もう一度挑戦してみましょう!,让我们重新上路，再试一次！,Reprenons la route et essayons à nouveau !,"आइये, पुनः सड़क पर चलें और पुनः प्रयास करें!",Давайте вернемся на дорогу и попробуем еще раз!,Lasst uns zurück auf die Straße gehen und es noch einmal versuchen!
Sg8_1,지금 그건… 정말 하면 안 되는 행동이었어.,Now that was… something I really shouldn’t have done.,あれは…本当にやってはいけないことだった。,那是……我真不该做的事。,C’était… quelque chose que je n’aurais vraiment pas dû faire.,अब यह तो... कुछ ऐसा था जो मुझे सचमुच नहीं करना चाहिए था।,"Вот это было… то, чего мне действительно не следовало делать.","Das war … etwas, was ich wirklich nicht hätte tun sollen."
Sg8_2,"왜 그런 위험한 행동을 한 거야? 장난이라도,그런 짓은 절대 하면 안 돼.","Why did you do something so dangerous? Even as a joke, you should never do something like that.",なぜそんな危険なことをしたんだ？冗談でも、あんなことは絶対にしてはいけないよ。,你为什么要做这么危险的事？就算是开玩笑，你也不应该做那种事。,"Pourquoi as-tu fait quelque chose d'aussi dangereux ? Même pour plaisanter, tu ne devrais jamais faire une chose pareille.",तुमने इतना खतरनाक काम क्यों किया? मज़ाक में भी तुम्हें ऐसा कुछ नहीं करना चाहिए।,"Зачем ты сделал что-то столь опасное? Даже в шутку, ты никогда не должен делать ничего подобного.",Warum hast du so etwas Gefährliches getan? Selbst im Scherz sollte man so etwas niemals tun.
Sg8_3,"너 지금,신호가 빨간불이었는데 건넜거나…혹은,횡단보도도 아닌데 도로에 들어왔지?","You just now, did you cross the street when the light was red? Or, did you enter the street when it wasn't a crosswalk?",あなたは今、赤信号の時に道路を渡りましたか？それとも、横断歩道がない時に道路に入りましたか？,你刚才，是在红灯亮的时候过马路吗？还是，是在没有人行横道的时候上街了？,Vous venez de dire : avez-vous traversé la rue alors que le feu était rouge ? Ou êtes-vous entré dans la rue alors qu'il n'y avait pas de passage piéton ?,क्या आपने अभी-अभी सड़क पार की जब लाल बत्ती थी? या फिर आप सड़क पर तब आए जब वह क्रॉसवॉक नहीं थी?,"Вы только что, перешли улицу на красный свет? Или вы вышли на улицу, когда это был не пешеходный переход?","Haben Sie gerade die Straße bei Rot überquert? Oder sind Sie auf die Straße gelaufen, als es kein Zebrastreifen war?"
Sg8_4,"이럴 땐 차도 너를 못 보고,차가 멈추는 것도 거의 불가능해.","At times like this, the car can't see you, and it's almost impossible for the car to stop.",このような場合、車はあなたを見ることができないため、車が停止することはほぼ不可能です。,在这种时候，汽车看不到你，而且汽车几乎不可能停下来。,"Dans des moments comme celui-ci, la voiture ne peut pas vous voir et il est presque impossible pour elle de s'arrêter.","ऐसे समय में, कार आपको देख नहीं पाती, और कार का रुकना लगभग असंभव हो जाता है।","В такие моменты машина вас не видит, и остановиться ей практически невозможно.",In solchen Momenten kann das Auto Sie nicht sehen und es ist für das Auto fast unmöglich anzuhalten.
Sg8_5,"정말,한순간에 큰 사고로 이어질 수 있어.","Seriously, it could lead to a major accident in an instant.",本当に一瞬で大事故につながる可能性があります。,严重的的话，瞬间就可能引发重大事故。,"Sérieusement, cela pourrait conduire à un accident majeur en un instant.",गंभीरता से कहें तो इससे एक पल में ही बड़ी दुर्घटना हो सकती है।,"Серьёзно, это может в одно мгновение привести к серьёзной аварии.","Im Ernst, es könnte sofort zu einem schweren Unfall führen."
Sg8_6,"신호등이랑 횡단보도는,사람이 언제 어디서 건널지 차가 알 수 있게 도와주는 약속이야.",Traffic lights and crosswalks are a promise to help cars know when and where people should cross.,信号機と横断歩道は、いつ、どこで横断すべきかを車が知るためのものです。,交通信号灯和人行横道旨在帮助车辆知道何时何地应该过马路。,Les feux de circulation et les passages piétons sont une promesse visant à aider les voitures à savoir quand et où les gens doivent traverser.,ट्रैफिक लाइट और क्रॉसवॉक से कारों को यह पता लगाने में मदद मिलेगी कि लोगों को कब और कहां से सड़क पार करनी चाहिए।,"Светофоры и пешеходные переходы призваны помочь водителям знать, когда и где следует переходить дорогу.","Ampeln und Zebrastreifen sollen dafür sorgen, dass Autos wissen, wann und wo die Straße überquert werden soll."
Sg8_7,"근데 그걸 지키지 않으면,차도 나도 서로 뭘 할지 몰라서,너무 위험해지는 거야.","But if we don't keep that in mind, it becomes too dangerous because neither the car nor I know what to do.",しかし、それを念頭に置いておかないと、車も私も何をすべきか分からなくなり、非常に危険になります。,但如果我们不记住这一点，就会变得太危险，因为无论是汽车还是我都不知道该怎么办。,"Mais si nous ne gardons pas cela à l'esprit, cela devient trop dangereux car ni la voiture ni moi ne savons quoi faire.","लेकिन अगर हम इसे ध्यान में नहीं रखेंगे, तो यह बहुत खतरनाक हो जाएगा, क्योंकि न तो कार को और न ही मुझे पता होगा कि क्या करना है।","Но если мы не будем об этом помнить, это станет слишком опасно, потому что ни машина, ни я не будем знать, что делать.","Aber wenn wir das nicht im Hinterkopf behalten, wird es zu gefährlich, weil weder das Auto noch ich wissen, was zu tun ist."
Sg8_8,"그래서 길을 건널 땐,신호에 맞춰,정해진 길에서만 건너야 해.","So when crossing the street, you must follow the signal and only cross on the designated road.",したがって、道路を横断するときは、信号に従い、指定された道路のみを横断する必要があります。,因此，过马路时，必须遵守信号灯，只在指定道路上过马路。,"Ainsi, lorsque vous traversez la rue, vous devez suivre le signal et traverser uniquement sur la route désignée.",इसलिए सड़क पार करते समय आपको सिग्नल का पालन करना चाहिए और केवल निर्धारित सड़क से ही सड़क पार करनी चाहिए।,Поэтому при переходе улицы необходимо следовать сигналам светофора и переходить дорогу только по обозначенной дороге.,Beim Überqueren der Straße müssen Sie daher der Ampel folgen und dürfen nur die dafür vorgesehene Straße überqueren.
Sg8_9,"그럼,이번엔 어떻게 해야 안전한지 차분히 보여줄게.","Okay, this time I'll show you calmly how to be safe.",さて、今回は落ち着いて安全に過ごす方法をお見せします。,好，这次我就心平气和地教你如何安全。,"Ok, cette fois je vais vous montrer calmement comment être en sécurité.","ठीक है, इस बार मैं तुम्हें शांति से दिखाऊंगा कि कैसे सुरक्षित रहना है।","Хорошо, на этот раз я спокойно покажу вам, как быть в безопасности.","Okay, dieses Mal zeige ich Ihnen in aller Ruhe, wie Sie sicher bleiben."
Sg8_10,"빨간불일 땐,이렇게 노란 안전선 뒤에서 멈춰 있어야 해.","When the light is red, you must stop behind the yellow safety line like this.",信号が赤のときは、このように黄色の安全線の後ろで停止しなければなりません。,当红灯亮时，你必须像这样停在黄色安全线后面。,"Lorsque le feu est rouge, vous devez vous arrêter derrière la ligne de sécurité jaune comme ceci.",जब बत्ती लाल हो तो आपको इस तरह पीली सुरक्षा रेखा के पीछे रुकना चाहिए।,"Когда загорается красный свет, вы должны остановиться за желтой линией безопасности, вот так.","Bei Rot müssen Sie hinter der gelben Sicherheitslinie anhalten, und zwar so."
Sg8_11,"초록불로 바뀌면,좌우를 확인하고 손을 들고 천천히 건너면 돼.","When the light turns green, look left and right, raise your hand, and cross slowly.",信号が青に変わったら、左右を確認し、手を上げてゆっくりと渡ってください。,当灯变绿时，向左和向右看，举起手，慢慢穿过。,"Lorsque le feu passe au vert, regardez à gauche et à droite, levez la main et traversez lentement.","जब बत्ती हरी हो जाए, तो बायीं और दायीं ओर देखें, अपना हाथ ऊपर उठाएं और धीरे से सड़क पार करें।","Когда загорится зеленый свет, посмотрите налево и направо, поднимите руку и медленно переходите дорогу.","Wenn die Ampel grün wird, schauen Sie nach links und rechts, heben Sie die Hand und überqueren Sie langsam die Straße."
Sg8_12,"신호를 지키는 건,네 안전을 지키는 거란 걸 꼭 기억해.",Always remember that obeying the signal protects your safety.,信号に従うことがあなたの安全を守るということを常に覚えておいてください。,永远记住，遵守信号可以保护您的安全。,N'oubliez jamais qu'obéir au signal protège votre sécurité.,हमेशा याद रखें कि सिग्नल का पालन करने से आपकी सुरक्षा होती है।,"Всегда помните, что соблюдение сигнала обеспечивает вашу безопасность.","Denken Sie immer daran, dass Ihre Sicherheit durch die Befolgung des Signals gewährleistet ist."
Sg8_13,어때? 이제 어떻게 하면 좋은지 알겠지?,"How is it? Now you know what to do, right?",どうですか？これで何をすればいいか分かりましたね？,怎么样？现在你知道该怎么做了吧？,"Comment ça va ? Maintenant, tu sais quoi faire, n'est-ce pas ?","अब आप समझ गए होंगे कि क्या करना है, है न?","Ну как? Теперь ты знаешь, что делать, да?","Wie ist es? Jetzt weißt du, was zu tun ist, oder?"
Sg8_14,다시 한번 도로로 돌아가서 다시 도전하자!,Let's get back on the road and try again!,再び出発して、もう一度挑戦してみましょう!,让我们重新上路，再试一次！,Reprenons la route et essayons à nouveau !,"आइये, पुनः सड़क पर चलें और पुनः प्रयास करें!",Давайте вернемся на дорогу и попробуем еще раз!,Gehen wir zurück auf die Straße und versuchen es noch einmal!
GsStart1,괜찮아. 누구나 실수할 수 있는 거야.,It's okay. Anyone can make mistakes.,大丈夫。誰でも間違いを犯すことがある。,没关系，谁都会犯错。,Ce n'est pas grave. Tout le monde peut faire des erreurs.,"कोई बात नहीं, ग़लतियाँ तो कोई भी कर सकता है।",Ничего страшного. Каждый может ошибаться.,Es ist okay. Jeder kann Fehler machen.
GsStart2,"방금 있었던 일이 왜 위험했는지,같이 살펴보자!",Let's take a look at why what just happened was dangerous!,今起こったことがなぜ危険だったのかを見てみましょう。,让我们看看为什么刚刚发生的事情是危险的！,Voyons pourquoi ce qui vient de se passer était dangereux !,आइये देखें कि अभी जो हुआ वह खतरनाक क्यों था!,"Давайте разберемся, почему произошедшее было опасным!","Schauen wir uns an, warum das, was gerade passiert ist, gefährlich war!"
GsHandUp1,아까 너는 그냥 걸어가기만 했지? 손은 안 들었더라.,"You just walked away earlier, didn't you? You didn't even raise your hand.",さっき立ち去ったでしょう？手も挙げなかったし。,你刚才不是走开了吗？你甚至都没举手。,"Tu t'es simplement éloigné, n'est-ce pas ? Tu n'as même pas levé la main.","तुम तो अभी-अभी चले गए थे, है न? तुमने तो अपना हाथ भी नहीं उठाया।","Ты просто ушёл раньше, не так ли? Ты даже руку не поднял.","Du bist vorhin einfach weggegangen, oder? Du hast nicht einmal die Hand gehoben."
GsHandUp2,"손을 안 들면,차에 있는 사람들이 널 못 보고 차가 그냥 지나갈 수도 있어!","If you don't raise your hand, the people in the car might not see you and the car might just pass by!",手を挙げないと、車内の人があなたに気づかず、車が通り過ぎてしまうかもしれません。,如果您不举手，车里的人可能看不到您，而车辆可能就会直接驶过！,"Si vous ne levez pas la main, les personnes dans la voiture risquent de ne pas vous voir et la voiture risque de passer à côté !","यदि आप अपना हाथ नहीं उठाएंगे, तो कार में बैठे लोग आपको नहीं देख पाएंगे और कार गुजर जाएगी!","Если вы не поднимете руку, люди в машине могут вас не заметить, и машина просто проедет мимо!","Wenn Sie Ihre Hand nicht heben, werden Sie von den Leuten im Auto möglicherweise nicht gesehen und das Auto fährt einfach vorbei!"
GsHandUp3,그럼 아야하겠지? 그래서 조심해야 해!,"Well, then you have to be careful, right?",そうですね、気をつけないといけませんね？,那么你就得小心了，对吧？,"Eh bien, il faut faire attention, n'est-ce pas ?","तो फिर आपको सावधान रहना होगा, है ना?","Ну, тогда вам нужно быть осторожным, верно?","Na, dann muss man doch vorsichtig sein, oder?"
GsHandUp4,"차에 있는 사람들은,앞이나 옆이 잘 안 보일 때도 있어.",People in cars sometimes have difficulty seeing in front or to the sides.,車に乗っていると、前方や横が見えにくくなることがあります。,坐在车里的人有时会难以看清前方或侧面的视线。,Les personnes en voiture ont parfois du mal à voir devant ou sur les côtés.,कार में बैठे लोगों को कभी-कभी सामने या बगल में देखने में कठिनाई होती है।,У людей в автомобилях иногда возникают проблемы с обзором вперед или по сторонам.,"Menschen in Autos haben manchmal Schwierigkeiten, nach vorne oder zur Seite zu sehen."
GsHandUp5,그래서 우리가 먼저 손을 들어서 알려주는 게 좋아.,So it's better for us to raise our hands first and let them know.,だから、私たちがまず手を挙げて知らせたほうがいいのです。,所以我们最好先举手让他们知道。,Il est donc préférable que nous levions d’abord la main et que nous le leur fassions savoir.,इसलिए बेहतर होगा कि हम पहले अपने हाथ उठाएं और उन्हें बताएं।,Поэтому нам лучше первыми поднять руки и дать им знать.,"Deshalb ist es für uns besser, zuerst die Hand zu heben und es ihnen mitzuteilen."
GsHandUp6,"봐봐,손도 안 들고 그냥 건너고 있지?","Look, he's just crossing without even raising his hand.",ほら、彼は手も挙げずに渡っているよ。,你看，他只是过马路，甚至没有举手。,"Regardez, il traverse sans même lever la main.","देखो, वह तो बिना हाथ उठाए ही सड़क पार कर रहा है।","Смотрите, он просто переходит дорогу, даже не подняв руки.","Sehen Sie, er geht einfach über die Straße, ohne auch nur die Hand zu heben."
GsHandUp7,"손을 안 들면,운전자도 못 보고 멈추기 어려울 수 있어.","If you don't raise your hand, the driver may not be able to see you and it may be difficult to stop.",手を挙げないと、運転手があなたに気付かず、停車が難しくなる場合があります。,如果您不举手，司机可能看不到您，并且可能很难停车。,"Si vous ne levez pas la main, le conducteur risque de ne pas vous voir et il pourrait être difficile de s’arrêter.",यदि आप अपना हाथ नहीं उठाएंगे तो ड्राइवर आपको देख नहीं पाएगा और उसे रुकना मुश्किल हो जाएगा।,"Если вы не поднимете руку, водитель может вас не увидеть, и остановиться будет сложно.","Wenn Sie Ihre Hand nicht heben, kann der Fahrer Sie möglicherweise nicht sehen und es kann schwierig sein, anzuhalten."
GsHandUp8,"그럼,이제 어떻게 하면 되는지 같이 볼까?","Well then, shall we see what to do now?",さて、これから何をするか考えてみましょうか。,那么，我们现在看看该做什么好吗？,"Bon, alors, voyons ce qu’il faut faire maintenant ?","तो फिर, अब हम देखेंगे कि क्या करना है?","Ну что ж, посмотрим, что теперь делать?","Na, wollen wir mal sehen, was wir jetzt tun?"
GsHandUp9,이 친구는 건널 때 손을 들고 있지?,Isn't this guy raising his hand when he crosses?,この人は横断するとき手を挙げてないの？,这家伙过马路不是举手吗？,Ce type ne lève-t-il pas la main quand il traverse ?,क्या यह आदमी सड़क पार करते समय अपना हाथ नहीं उठा रहा है?,"Разве этот парень не поднимает руку, когда переходит дорогу?","Hebt dieser Typ nicht seine Hand, wenn er die Grenze überquert?"
GsHandUp10,그럼 차에 있는 사람들도 금방 알아볼 수 있어서 안전하게 건널 수 있어!,"Then, people in cars can quickly recognize you and cross the street safely!",そうすれば、車に乗っている人がすぐにあなたを認識し、安全に道路を渡ることができます。,这样，车里的人就能很快认出你并安全地过马路！,"Ainsi, les personnes en voiture pourront rapidement vous reconnaître et traverser la rue en toute sécurité !","फिर, कार में बैठे लोग आपको तुरंत पहचान लेंगे और सुरक्षित रूप से सड़क पार कर सकेंगे!",Тогда люди в автомобилях смогут быстро вас узнать и безопасно перейти улицу!,Dann können Autofahrer Sie schnell erkennen und sicher die Straße überqueren!
GsEnd1,어때? 이제 어떻게 하면 좋은지 알겠지?,"How is it? Now you know what to do, right?",どうですか？これで何をすればいいか分かりましたね？,怎么样？现在你知道该怎么做了吧？,"Comment ça va ? Maintenant, tu sais quoi faire, n'est-ce pas ?","अब आप समझ गए होंगे कि क्या करना है, है न?","Ну как? Теперь ты знаешь, что делать, да?","Wie ist es? Jetzt weißt du, was zu tun ist, oder?"
GsEnd2,다시 한번 도로로 돌아가서 다시 도전하자!,Let's get back on the road and try again!,再び出発して、もう一度挑戦してみましょう!,让我们重新上路，再试一次！,Reprenons la route et essayons à nouveau !,"आइये, पुनः सड़क पर चलें और पुनः प्रयास करें!",Давайте вернемся на дорогу и попробуем еще раз!,Lasst uns zurück auf die Straße gehen und es noch einmal versuchen!
GsLookAround1,"아까 너는 초록불이 켜지자마자,아무 것도 안 보고 그냥 건넜어.","Earlier, as soon as the green light turned on, you just crossed without looking at anything.",以前は、青信号が点灯するとすぐに、何も見ずに渡っていました。,以前，只要绿灯一亮，什么都不用看，就可以过马路。,"Avant, dès que le feu vert s'allumait, on traversait sans rien regarder.","पहले, जैसे ही हरी बत्ती जलती थी, आप बिना कुछ देखे ही सड़क पार कर जाते थे।","Раньше, как только загорался зеленый свет, вы просто переходили дорогу, не глядя ни на что.","Früher ging man, sobald die Ampel grün war, einfach über die Straße, ohne etwas zu beachten."
GsLookAround2,가끔은 차가 신호를 놓치고 그냥 지나갈 수도 있어. 그래서 우리가 먼저 확인해야 해.,"Sometimes cars miss the signal and just pass by, so we have to check first.",車が信号を無視して通り過ぎることもあるので、まず確認しなければなりません。,有时汽车会错过信号并直接驶过，所以我们必须先检查一下。,"Parfois, les voitures ratent le signal et passent simplement, nous devons donc vérifier d'abord.","कभी-कभी गाड़ियां सिग्नल को भूल जाती हैं और गुजर जाती हैं, इसलिए हमें पहले जांच करनी पड़ती है।","Иногда автомобили пропускают сигнал и просто проезжают мимо, поэтому нам приходится сначала проверять.","Manchmal verpassen Autos das Signal und fahren einfach vorbei, deshalb müssen wir zuerst nachsehen."
GsLookAround3,"신호가 바뀌었어도,옆에서 오는 차가 있을 수 있어.","Even if the signal changes, there may be a car coming from the side.",信号が変わっても横から車が来るかも知れません。,即使信号改变，也可能会有车从侧面驶来。,"Même si le signal change, il se peut qu'une voiture arrive sur le côté.",यदि सिग्नल बदल भी जाए तो भी बगल से कोई कार आ सकती है।,"Даже если сигнал светофора изменится, сбоку может появиться автомобиль.","Auch wenn die Ampel umschaltet, kann es sein, dass von der Seite ein Auto kommt."
GsLookAround4,"그래서 꼭,차가 멈췄는지 먼저 보고 건너야 해.","So, you must check first to see if the car has stopped before crossing.",そのため、横断する前にまず車が停止しているかどうかを確認する必要があります。,因此，您必须先检查车辆是否已经停下，然后再过马路。,Vous devez donc d’abord vérifier si la voiture s’est arrêtée avant de traverser.,"इसलिए, आपको पहले यह जांच कर लेनी चाहिए कि सड़क पार करने से पहले कार रुकी है या नहीं।","Поэтому перед тем, как пересечь дорогу, вам необходимо сначала проверить, остановилась ли машина.","Daher müssen Sie vor dem Überqueren zunächst prüfen, ob das Auto angehalten hat."
GsLookAround5,"봐봐,이 친구는 초록불이 켜지자마자 그냥 건너고 있어.","Look, this guy just crosses the street as soon as the light turns green.",見て、この男は信号が青になるとすぐに道路を渡ります。,瞧，这家伙一绿灯就过马路了。,"Regardez, ce type traverse la rue dès que le feu passe au vert.","देखो, यह आदमी हरी बत्ती होते ही सड़क पार कर जाता है।","Смотри, этот парень просто переходит улицу, как только загорается зеленый свет.","Schauen Sie, dieser Typ überquert die Straße, sobald die Ampel grün wird."
GsLookAround6,깜짝이야! 진짜 놀랐어! 이렇게 초록불인데도 오는 차가 있을 수 있어!,Wow! I'm really surprised! There can be cars coming even when the light is green!,わあ！びっくり！信号が青でも車が来ることがあるんですね！,哇！我真是太惊讶了！绿灯亮了，居然还有车过来！,Waouh ! Je suis vraiment surprise ! Il peut y avoir des voitures qui arrivent même quand le feu est vert !,वाह! मैं वाकई हैरान हूँ! हरी बत्ती होने पर भी गाड़ियाँ आ सकती हैं!,Ого! Я действительно удивлен! Машины могут ехать даже на зеленый свет!,Wow! Ich bin wirklich überrascht! Selbst bei Grün können Autos kommen!
GsLookAround7,"그럼,이제 어떻게 하면 되는지 같이 볼까?","Well then, shall we see what to do now?",さて、これから何をするか考えてみましょうか。,那么，我们现在看看该做什么好吗？,"Bon, alors, voyons ce qu’il faut faire maintenant ?","तो फिर, अब हम देखेंगे कि क्या करना है?","Ну что ж, посмотрим, что теперь делать?","Na, wollen wir mal sehen, was wir jetzt tun?"
GsLookAround8,먼저 좌우를 살펴보고...,"First, look left and right...",まずは左右を見てください…,首先，向左看，向右看……,"Tout d’abord, regardez à gauche et à droite…",सबसे पहले बायीं और दायीं ओर देखें...,Сначала посмотрите налево и направо...,Schauen Sie zuerst nach links und rechts ...
GsLookAround9,봐봐! 이렇게 하면 진짜 안전하게 건널 수 있어!,"Look! If you do this, you can cross really safely!",見て！こうすれば本当に安全に渡れるよ！,看！如果你这样做，你就能安全过河了！,"Regardez ! Si vous faites ça, vous pourrez traverser en toute sécurité !",देखो! अगर तुम ऐसा करोगे तो तुम सचमुच सुरक्षित रूप से पार जा सकोगे!,"Смотри! Если ты это сделаешь, то сможешь перейти действительно безопасно!",Schau! So kommst du ganz sicher über die Straße!
Sg6_BlindSpot_1,괜찮아! 이건 잘 몰랐을 수도 있거든.,It's okay! You might not have known this.,大丈夫だよ！知らなかったかもしれないけど。,没关系！你可能不知道这一点。,C'est bon ! Vous ne le saviez peut-être pas.,कोई बात नहीं! शायद आपको यह बात पता न हो।,Ничего страшного! Вы могли этого не знать.,Es ist okay! Das wussten Sie vielleicht nicht.
Sg6_BlindSpot_2,"왜 위험했는지,같이 알아보자!",Let's find out together why it was dangerous!,なぜ危険だったのか一緒に考えてみましょう！,让我们一起找出它为什么危险！,Découvrons ensemble pourquoi c'était dangereux !,आइये मिलकर पता लगाएं कि यह खतरनाक क्यों था!,"Давайте вместе выясним, почему это было опасно!","Lassen Sie uns gemeinsam herausfinden, warum es gefährlich war!"
Sg6_BlindSpot_3,사실 저기선 운전자가 널 못 봤을 수도 있어.,"Actually, the driver might not have seen you there.",実際、運転手はあなたをそこに見ていなかったかもしれません。,事实上，司机可能没有看到你。,"En fait, le chauffeur ne vous a peut-être pas vu là.","दरअसल, ड्राइवर ने शायद आपको वहां नहीं देखा होगा।","На самом деле, водитель мог вас там не заметить.",Tatsächlich hat der Fahrer Sie dort möglicherweise nicht gesehen.
Sg6_BlindSpot_4,그래서 차가 돌거나 움직이기 시작하면 정말 위험할 수 있어.,So if the car starts spinning or moving it can be really dangerous.,したがって、車が回転したり動き出したりする場合、非常に危険です。,因此，如果汽车开始旋转或移动，那就真的很危险了。,"Donc, si la voiture commence à tourner ou à bouger, cela peut être très dangereux.",इसलिए यदि कार घूमने लगे या चलने लगे तो यह बहुत खतरनाक हो सकता है।,"Поэтому, если автомобиль начнет вращаться или двигаться, это может быть действительно опасно.","Wenn das Auto also anfängt, sich zu drehen oder zu bewegen, kann das wirklich gefährlich sein."
Sg6_BlindSpot_5,"여기서 보면,너도 차 안에 있는 사람 얼굴이 안 보이지?","If you look here, can't you see the face of the person inside the car?",こちらを見ると、車の中にいる人の顔が見えませんか？,如果你看这里，你看不到车内人的脸吗？,"Si vous regardez ici, ne voyez-vous pas le visage de la personne à l'intérieur de la voiture ?",अगर आप यहां देखें तो क्या आपको कार के अंदर बैठे व्यक्ति का चेहरा नहीं दिख रहा है?,"Если вы посмотрите сюда, разве вы не видите лицо человека внутри машины?","Wenn Sie hier hinschauen, können Sie nicht das Gesicht der Person im Auto sehen?"
Sg6_BlindSpot_6,차에 있는 사람도 마찬가지야. 너도 안 보일 수 있어.,The same goes for people in cars. You might not be visible either.,車に乗っている人も同様です。あなたも見えなくなるかもしれません。,车里的人也一样，别人可能也看不到你。,Il en va de même pour les personnes en voiture. Vous pourriez ne pas être visible non plus.,यही बात कार में बैठे लोगों पर भी लागू होती है। हो सकता है कि आप भी दिखाई न दें।,То же самое касается людей в машинах. Вас тоже могут не увидеть.,Das Gleiche gilt für Personen in Autos. Auch Sie sind möglicherweise nicht sichtbar.
Sg6_BlindSpot_7,우린 그런 자리를 ‘사각지대’라고 해. 그래서 이런 곳에선 더 조심해야 해.,We call those places ‘blind spots.’ That’s why we have to be more careful in these places.,そういった場所を私たちは「死角」と呼んでいます。だからこそ、そういった場所ではより注意を払う必要があるのです。,我们把这些地方称为“盲点”。这就是为什么我们必须在这些地方更加小心。,Nous appelons ces endroits des « angles morts ». C’est pourquoi nous devons être plus prudents dans ces endroits.,हम उन स्थानों को ‘अंधे स्थान’ कहते हैं। इसलिए हमें इन स्थानों पर अधिक सावधान रहना होगा।,Мы называем такие места «слепыми зонами». Вот почему нам следует быть в таких местах более осторожными.,Wir nennen diese Stellen „tote Winkel“. Deshalb müssen wir an diesen Stellen vorsichtiger sein.
Sg6_BlindSpot_8,"저기 친구가 있는 위치 저긴 차에 가려서,안에서 전혀 볼 수 없어.","There's a car blocking the location of my friend, so I can't see him at all from inside.",友達のいる場所を車が遮っているので、車内からは全く友達が見えない。,有一辆车挡住了我朋友的位置，所以我从里面根本看不到他。,"Il y a une voiture qui bloque l'emplacement de mon ami, donc je ne peux pas le voir du tout de l'intérieur.","मेरे मित्र का स्थान एक कार द्वारा अवरुद्ध कर दिया गया है, इसलिए मैं उसे अंदर से बिल्कुल भी नहीं देख सकता।","Машина загораживает местонахождение моего друга, поэтому я вообще не могу его видеть изнутри.","Ein Auto versperrt den Blick auf meinen Freund, sodass ich ihn von innen überhaupt nicht sehen kann."
Sg6_BlindSpot_9,차가 조금만 더 갔으면 부딪힐 뻔했어! 엄청 위험하지?,"If the car had gone a little further, we almost crashed! Isn't that incredibly dangerous?",車がもう少し進んでいたら、衝突するところだったよ！すごく危険じゃない？,要是车子再开远一点，我们就差点撞车了！那不是超级危险吗？,"Si la voiture avait continué un peu plus loin, on aurait failli avoir un accident ! N'est-ce pas incroyablement dangereux ?","अगर कार थोड़ी और आगे चली जाती, तो हम लगभग दुर्घटनाग्रस्त हो जाते! क्या यह अविश्वसनीय रूप से खतरनाक नहीं है?","Если бы машина проехала немного дальше, мы бы чуть не разбились! Разве это не невероятно опасно?","Wäre das Auto noch ein Stück weiter gefahren, wären wir fast abgestürzt! Ist das nicht unglaublich gefährlich?"
Sg6_BlindSpot_10,그래서 우리는 운전자 시야에 안보이는 사각지대엔 절대 서 있으면 안 되는 거야.,That's why we should never stand in the blind spot of the driver's view.,だからこそ、ドライバーの視界の死角には決して立たないようにしてください。,这就是为什么我们永远不应该站在驾驶员视线的盲点处。,C'est pourquoi nous ne devrions jamais nous tenir dans l'angle mort du conducteur.,इसलिए हमें कभी भी ड्राइवर की नज़र से ओझल स्थान पर नहीं खड़ा होना चाहिए।,Вот почему мы никогда не должны находиться в слепой зоне обзора водителя.,Deshalb sollten wir uns nie im toten Winkel des Fahrers aufhalten.
Sg6_BlindSpot_11,"그럼,이제 어떻게 하면 되는지 같이 볼까?","Well then, shall we see what to do now?",さて、これから何をするか考えてみましょうか。,那么，我们现在看看该做什么好吗？,"Bon, alors, voyons ce qu’il faut faire maintenant ?","तो फिर, अब हम देखेंगे कि क्या करना है?","Ну что ж, посмотрим, что теперь делать?","Na, wollen wir mal sehen, was wir jetzt tun?"
Sg6_BlindSpot_12,"봐봐,이 친구는 차 뒤가 아니라,운전자가 잘 볼 수 있는 위치로 이동하지?","Look, this guy, instead of moving to the back of the car, why don't you move to a position where the driver can see you?",ねえ、この人、車の後ろに移動するのではなく、運転手から見える位置に移動したらどうですか?,你看，这家伙，你为什么不移动到车后方，而移动到司机能看见你的位置呢？,"Écoute, ce type, au lieu de se déplacer vers l'arrière de la voiture, pourquoi ne te déplaces-tu pas vers une position où le conducteur peut te voir ?","देखो, हे आदमी, कार के पीछे जाने के बजाय, तुम ऐसी जगह क्यों नहीं जाते जहां से ड्राइवर तुम्हें देख सके?","Послушай, этот парень, вместо того, чтобы переходить в заднюю часть машины, почему бы тебе не переместиться туда, где водитель сможет тебя видеть?","Schauen Sie, dieser Typ, anstatt nach hinten im Auto zu gehen, warum gehen Sie nicht an eine Position, wo der Fahrer Sie sehen kann?"
Sg6_BlindSpot_13,시동이 걸린 차량 근처를 지나갈 때는 항상 운전자에게 잘 보이는 위치로 이동해야 해.,"When passing a running vehicle, always move to a position where the driver can see you.",走行中の車両を追い越すときは、必ず運転手から見える位置に移動してください。,当超越行驶中的车辆时，请务必移至驾驶员可以看到您的位置。,"Lorsque vous dépassez un véhicule en marche, déplacez-vous toujours vers une position où le conducteur peut vous voir.",किसी चलती गाड़ी को पार करते समय हमेशा ऐसी स्थिति में चलें जहां से चालक आपको देख सके।,"При обгоне движущегося транспортного средства всегда занимайте такое положение, чтобы водитель мог вас видеть.","Gehen Sie beim Überholen eines fahrenden Fahrzeugs immer so weit, dass der Fahrer Sie sehen kann."
Sg6_BlindSpot_14,어때? 이제 어떻게 하면 좋은지 알겠지?,"How is it? Now you know what to do, right?",どうですか？これで何をすればいいか分かりましたね？,怎么样？现在你知道该怎么做了吧？,"Comment ça va ? Maintenant, tu sais quoi faire, n'est-ce pas ?","अब आप समझ गए होंगे कि क्या करना है, है न?","Ну как? Теперь ты знаешь, что делать, да?","Wie ist es? Jetzt weißt du, was zu tun ist, oder?"
Sg6_BlindSpot_15,다시 한번 도로로 돌아가서 다시 도전하자!,Let's get back on the road and try again!,再び出発して、もう一度挑戦してみましょう!,让我们重新上路，再试一次！,Reprenons la route et essayons à nouveau !,"आइये, पुनः सड़क पर चलें और पुनः प्रयास करें!",Давайте вернемся на дорогу и попробуем еще раз!,Lasst uns zurück auf die Straße gehen und es noch einmal versuchen!
Sg7_Carprediction_1,"지금처럼,안 보이는 쪽에서도 차가 나올 수 있어.","Just like now, cars can come out from the side you can't see.",今と同じように、見えないところから車が出てくることもあります。,就像现在一样，汽车可以从你看不到的一侧出来。,"Tout comme maintenant, les voitures peuvent sortir du côté que vous ne pouvez pas voir.","जैसे कि अब, कारें उस तरफ से भी निकल सकती हैं जिसे आप देख नहीं सकते।","Так же, как и сейчас, автомобили могут выехать с той стороны, которую вы не видите.","Genau wie jetzt können Autos von der Seite kommen, die Sie nicht sehen können."
Sg7_Carprediction_2,"그래서 골목이나 안보이는 곳에서 나서기 전엔,꼭 한 번 더 확인해야 해.","So before you go out into an alley or somewhere out of sight, you should definitely check once more.",したがって、路地や人目につかない場所に出かける前に、必ずもう一度確認してください。,因此，在你走进小巷或某个看不见的地方之前，你一定要再检查一次。,"Alors, avant de sortir dans une ruelle ou dans un endroit hors de vue, vous devriez absolument vérifier une fois de plus.","इसलिए इससे पहले कि आप किसी गली में या कहीं दूर जाएं, आपको एक बार और जांच अवश्य कर लेनी चाहिए।","Поэтому прежде чем идти в переулок или куда-то, где вас никто не видит, обязательно проверьте еще раз.","Bevor Sie also in eine Gasse oder an einen uneinsehbaren Ort gehen, sollten Sie unbedingt noch einmal nachsehen."
Sg7_Carprediction_3,"이렇게 벽이나 차에 가려진 곳에선,차가 와도 우리가 미리 볼 수가 없어.","In places like this where we are blocked by walls or cars, we can't see a car coming in advance.",このように壁や車に遮られている場所では、事前に車が来るのを見ることができません。,在这种被墙壁或汽车挡住的地方，我们无法提前看到有车过来。,"Dans des endroits comme celui-ci où nous sommes bloqués par des murs ou des voitures, nous ne pouvons pas voir une voiture arriver à l'avance.","ऐसे स्थानों पर जहां हम दीवारों या कारों से अवरुद्ध होते हैं, हम आगे से आती हुई कार को नहीं देख पाते।","В таких местах, где нас блокируют стены или машины, мы не можем увидеть приближающуюся машину заранее.","An Orten wie diesen, wo wir durch Mauern oder Autos blockiert sind, können wir ein kommendes Auto nicht im Voraus sehen."
Sg7_Carprediction_4,"혹시 차를 인식 하더라도,‘지금은 괜찮겠지’ 하고 그냥 움직이면 더 위험해질 수 있어.","Even if you recognize the car, if you think, ‘It’s okay now,’ and just move on, it can be more dangerous.",たとえ車に見覚えがあっても、「もう大丈夫」と思ってそのまま進んでしまうと、かえって危険になることがあります。,即使你认出了那辆车，但如果你以为‘现在没事了’然后就继续前行，那就更加危险了。,"Même si vous reconnaissez la voiture, si vous pensez : « C’est bon maintenant » et que vous continuez, cela peut être plus dangereux.","भले ही आप कार को पहचान लें, लेकिन अगर आप सोचेंगे कि ‘अब सब ठीक है’ और आगे बढ़ जाएंगे, तो यह अधिक खतरनाक हो सकता है।","Даже если вы узнали машину, но думаете: «Теперь все в порядке» и просто едете дальше, это может быть опаснее.","Selbst wenn Sie das Auto erkennen, kann es gefährlicher sein, wenn Sie denken: „Jetzt ist alles in Ordnung“ und einfach weiterfahren."
Sg7_Carprediction_5,"그래서 차가 나를 못 봐도,내가 먼저 보는 습관을 가지면 훨씬 더 안전해져.","So, if I get into the habit of looking at cars first, even if they can't see me, I'll be much safer.",ですから、車が私を見ることができなくても、まず車を確認する習慣をつければ、ずっと安全になります。,所以，如果我养成先看车的习惯，即使他们看不到我，我也会更安全。,"Donc, si je prends l’habitude de regarder d’abord les voitures, même si elles ne peuvent pas me voir, je serai beaucoup plus en sécurité.","इसलिए, अगर मैं पहले कारों को देखने की आदत डाल लूं, भले ही वे मुझे न देख पाएं, तो मैं ज्यादा सुरक्षित रहूंगा।","Поэтому, если я возьму в привычку сначала смотреть на машины, даже если они меня не видят, я буду в гораздо большей безопасности.","Wenn ich mir also angewöhne, zuerst auf die Autos zu schauen, auch wenn sie mich nicht sehen können, bin ich viel sicherer."
Sg7_Carprediction_6,"어라,저 친구… 주변을 안 보고 그냥 가고 있어.","Hey, that guy… He’s just walking without looking around.",なあ、あの人……振り返らずに歩いてるよ。,喂，那家伙……走路都不看周围。,"Hé, ce type… Il marche sans regarder autour de lui.","अरे, वह आदमी... वह बिना इधर-उधर देखे बस चल रहा है।","Эй, этот парень... Он просто идет, не оглядываясь.","Hey, dieser Typ … Er läuft einfach herum, ohne sich umzuschauen."
Sg7_Carprediction_7,"방금처럼 서로 못 보면,진짜 큰일 날 수도 있어.","If we can't see each other like we did just now, we could be in real trouble.",もし今のようにお互いに会えなかったら、本当に困ったことになるかもしれない。,如果我们不能像刚才那样见面，我们可能会有大麻烦。,"Si nous ne pouvons pas nous voir comme nous l'avons fait tout à l'heure, nous pourrions avoir de sérieux problèmes.","यदि हम एक दूसरे से नहीं मिल पाते जैसे कि अभी मिल रहे थे, तो हम सचमुच मुश्किल में पड़ सकते हैं।","Если мы не сможем видеться друг с другом, как сейчас, у нас могут возникнуть серьезные проблемы.","Wenn wir uns nicht mehr so sehen können wie gerade, könnten wir in echte Schwierigkeiten geraten."
Sg7_Carprediction_8,"앞이 안 보이는 길에선,꼭 멈춰서 확인하고 움직여야 해.","On a road where you can't see ahead, you must stop, check, and then move.",前方が見えない道路では、停止して確認してから進まなければなりません。,在看不到前方道路的情况下，您必须停下来，检查，然后行驶。,"Sur une route où vous ne pouvez pas voir devant vous, vous devez vous arrêter, vérifier, puis avancer.","ऐसी सड़क पर जहां आप आगे नहीं देख सकते, आपको रुकना चाहिए, जांच करनी चाहिए और फिर आगे बढ़ना चाहिए।","На дороге, где вы не можете видеть вперед, вам следует остановиться, проверить обстановку, а затем двигаться дальше.","Auf einer Straße, auf der Sie nicht voraussehen können, müssen Sie anhalten, prüfen und dann weiterfahren."
Sg7_Carprediction_9,"그럼,이제 어떻게 하면 되는지 같이 볼까?","Well then, shall we see what to do now?",さて、これから何をするか考えてみましょうか。,那么，我们现在看看该做什么好吗？,"Bon, alors, voyons ce qu’il faut faire maintenant ?","तो फिर, अब हम देखेंगे कि क्या करना है?","Ну что ж, посмотрим, что теперь делать?","Na, wollen wir mal sehen, was wir jetzt tun?"
Sg7_Carprediction_10,"봐봐,이 친구는 그냥 나가지 않고 먼저 멈춰서 좌우를 확인했지?","Look, this guy didn't just go out, he stopped first and looked left and right?",ほら、この男はただ外に出たのではなく、まず立ち止まって左右を見たんだ。,你看，这家伙不是直接出去了吗，还先停下来左看看，右看看？,"Regardez, ce type n'est pas simplement sorti, il s'est d'abord arrêté et a regardé à gauche et à droite ?","देखो, यह आदमी बस बाहर नहीं गया, वह पहले रुका और बाएं-दाएं देखने लगा?","Смотрите, этот парень не просто вышел, он сначала остановился и посмотрел налево и направо?","Sehen Sie, dieser Typ ist nicht einfach rausgegangen, er ist erst stehen geblieben und hat nach links und rechts geschaut?"
Sg7_Carprediction_11,"앞이 안 보이는 곳에서는,항상 먼저 멈추고 확인하는 거야. 알겠지?","In places where you can't see ahead, always stop and check first. Okay?",先が見えない場所では、必ず止まって確認しましょう。いいですか？,在看不到前方的地方，一定要先停下来查看。好吗？,"Dans les endroits où vous ne pouvez pas voir devant vous, arrêtez-vous toujours et vérifiez d'abord. D'accord ?","ऐसी जगहों पर जहाँ आप आगे नहीं देख सकते, हमेशा रुकें और पहले जाँच लें। ठीक है?","В местах, где вы не можете видеть вперед, всегда останавливайтесь и проверяйте сначала. Хорошо?","An Stellen, an denen Sie nicht voraussehen können, halten Sie immer an und schauen Sie zuerst nach. Okay?"
Sg7_Carprediction_12,어때? 이제 어떻게 하면 좋은지 알겠지?,"How is it? Now you know what to do, right?",どうですか？これで何をすればいいか分かりましたね？,怎么样？现在你知道该怎么做了吧？,"Comment ça va ? Maintenant, tu sais quoi faire, n'est-ce pas ?","अब आप समझ गए होंगे कि क्या करना है, है न?","Ну как? Теперь ты знаешь, что делать, да?","Wie ist es? Jetzt weißt du, was zu tun ist, oder?"
Sg7_Carprediction_13,다시 한번 도로로 돌아가서 다시 도전하자!,Let's get back on the road and try again!,再び出発して、もう一度挑戦してみましょう!,让我们重新上路，再试一次！,Reprenons la route et essayons à nouveau !,"आइये, पुनः सड़क पर चलें और पुनः प्रयास करें!",Давайте вернемся на дорогу и попробуем еще раз!,Lasst uns zurück auf die Straße gehen und es noch einmal versuchen!
Str_Look_Beside,양 옆을 살펴요,Look at both sides,両側を見る,看看两边,Regardez les deux côtés,दोनों पक्षों को देखो,Посмотрите на обе стороны,Betrachten Sie beide Seiten
Str_Raise_Hand,손을 머리 높이 올려요,Raise your hands high above your head.,両手を頭の上に高く上げてください。,将双手高举过头顶。,Levez vos mains bien au-dessus de votre tête.,अपने हाथों को अपने सिर से ऊपर उठायें।,Поднимите руки высоко над головой.,Heben Sie Ihre Hände hoch über Ihren Kopf.
Str_Cross_Road,손을 들고 길을 건너 봐요,Raise your hand and cross the street.,手を上げて道を渡ってください。,举起手，过马路。,Levez la main et traversez la rue.,अपना हाथ उठाओ और सड़क पार करो।,Поднимите руку и перейдите улицу.,Heben Sie Ihre Hand und überqueren Sie die Straße.
Str_Hehind_Yellow,노란 안전선 뒤가 안전해요,It's safe behind the yellow safety line.,黄色の安全ラインの後ろは安全です。,黄色安全线内是安全的。,C'est sûr derrière la ligne de sécurité jaune.,यह पीली सुरक्षा रेखा के पीछे सुरक्षित है।,За желтой линией безопасности безопасно.,Hinter der gelben Sicherheitslinie ist es sicher.
Str_Waiting_Greenlight,초록불이 켜질 때까지 기다려요,Wait until the green light turns on.,緑色のライトが点灯するまでお待ちください。,等待绿灯亮起。,Attendez que le voyant vert s'allume.,हरी बत्ती जलने तक प्रतीक्षा करें।,"Подождите, пока не загорится зеленый свет.","Warten Sie, bis das grüne Licht aufleuchtet."
Str_Meeting_Friend,친구를 만나러 가야 해요,I have to go meet a friend,友達に会いに行かなきゃ,我要去见一个朋友,Je dois aller retrouver un ami,मुझे एक दोस्त से मिलने जाना है,Мне нужно встретиться с другом.,Ich muss einen Freund treffen
Ch1_MissionText_0,안전하게 건널목 건너기!,Cross the street safely!,安全に道路を渡ってください!,安全过马路！,Traversez la rue en toute sécurité !,सड़क सुरक्षित पार करें!,Переходите улицу безопасно!,Überqueren Sie die Straße sicher!
Ch1_MissionText_1,우선 멈춰요,"First of all, stop.",まずは止まってください。,首先，停下来。,"Tout d’abord, arrêtez.","सबसे पहले, रुकें.","Прежде всего, остановитесь.",Erstens: Hören Sie auf.
Ch1_MissionText_2,건너기 전 좌우를 살펴요,Look left and right before crossing,横断する前に左右を確認してください,过马路前左右张望,Regardez à gauche et à droite avant de traverser,सड़क पार करने से पहले बाएं और दाएं देखें,"Посмотрите налево и направо, прежде чем перейти дорогу.",Schauen Sie vor dem Überqueren nach links und rechts
Ch1_MissionText_3,손을 들고 횡단해요,Raise your hand and cross the street,手を上げて道を渡ってください,举起手过马路,Levez la main et traversez la rue,अपना हाथ उठाओ और सड़क पार करो,Поднимите руку и перейдите улицу.,Heben Sie Ihre Hand und überqueren Sie die Straße
Ch2_MissionText_0,안전하게 골목길 건너기!,Cross the street safely!,安全に道路を渡ってください!,安全过马路！,Traversez la rue en toute sécurité !,सड़क सुरक्षित पार करें!,Переходите улицу безопасно!,Überqueren Sie die Straße sicher!
Ch2_MissionText_1,건너기 전 좌우를 살펴요,Look left and right before crossing,横断する前に左右を確認してください,过马路前左右张望,Regardez à gauche et à droite avant de traverser,सड़क पार करने से पहले बाएं और दाएं देखें,"Посмотрите налево и направо, прежде чем перейти дорогу.",Schauen Sie vor dem Überqueren nach links und rechts
Ch2_MissionText_2,손을 들고 횡단해요,Raise your hand and cross the street,手を上げて道を渡ってください,举起手过马路,Levez la main et traversez la rue,अपना हाथ उठाओ और सड़क पार करो,Поднимите руку и перейдите улицу.,Heben Sie Ihre Hand und überqueren Sie die Straße
Mini1,이번엔 아주 특별한 체험을 준비했어!,"This time, we've prepared a very special experience!",今回は、とっても特別な体験をご用意しました！,这次，我们准备了非常特别的体验！,"Cette fois-ci, nous vous avons préparé une expérience très spéciale !","इस बार, हमने एक बहुत ही विशेष अनुभव तैयार किया है!",На этот раз мы приготовили нечто совершенно особенное!,Dieses Mal haben wir ein ganz besonderes Erlebnis vorbereitet!
Mini2,차량에는 사각지대라는 게 있대! 얼마나 잘 안 보이는지 직접 확인해보자!,There's something called a blind spot in a car! Let's see for yourself how hard it is to see!,車には死角というものがあります！どれくらい見えにくいか、実際に見てみましょう！,汽车里有个东西叫盲点！让我们亲眼看看它有多难看！,Il y a ce qu'on appelle un angle mort en voiture ! Voyons par vous-même à quel point il est difficile de voir !,कार में एक ब्लाइंड स्पॉट होता है! चलिए खुद ही देख लेते हैं कि इसे देखना कितना मुश्किल है!,"В машине есть нечто, называемое слепой зоной! Давайте сами посмотрим, насколько сложно что-то увидеть!","Es gibt so etwas wie einen toten Winkel im Auto! Überzeugen Sie sich selbst, wie schwer es ist, dort etwas zu sehen!"
Mini3,"사각지대는, 운전자 시야로는 보이지 않는 공간이야.",Blind spots are areas that are not visible to the driver.,死角とは、運転手から見えない領域のことです。,盲点是驾驶员看不见的区域。,Les angles morts sont des zones qui ne sont pas visibles pour le conducteur.,ब्लाइंड स्पॉट ऐसे क्षेत्र होते हैं जो चालक को दिखाई नहीं देते।,"Слепые зоны — это области, которые не видны водителю.","Tote Winkel sind Bereiche, die für den Fahrer nicht sichtbar sind."
Mini4,"창문으로도, 거울로도 잘 안 보여서… 친구가 거기 있으면 정말 위험해.",I can't see very well through the window or the mirror... It's really dangerous if my friend is there.,窓や鏡からよく見えない…友達がそこにいたら本当に危険です。,我无法通过窗户或镜子看得很清楚...如果我的朋友在那里，那就真的很危险。,Je ne vois pas très bien à travers la fenêtre ou le miroir... C'est vraiment dangereux si mon ami est là.,मैं खिड़की या दर्पण से ठीक से नहीं देख सकता... अगर मेरा दोस्त वहां हो तो यह बहुत खतरनाक है।,"Я не очень хорошо вижу через окно или зеркало... Это действительно опасно, если там находится мой друг.","Ich kann durch das Fenster oder den Spiegel nicht gut sehen ... Es ist wirklich gefährlich, wenn mein Freund da ist."
Mini5,"그래서 지금부터, 그걸 네 눈으로 직접 확인해볼 거야!","So from now on, you will see it with your own eyes!",これからはあなた自身の目で確かめてください！,所以从现在开始，你将亲眼看到它！,"Alors à partir de maintenant, vous le verrez de vos propres yeux !","तो अब से, आप इसे अपनी आँखों से देखेंगे!",Так что отныне вы увидите все это своими глазами!,Von nun an werden Sie es mit eigenen Augen sehen!
Mini6,"사각지대가 얼마나 잘 안 보이는지, 간단한 게임으로 직접 느껴볼까?",How about experiencing for yourself how poorly blind spots are seen with a simple game?,簡単なゲームで死角がどのくらい見えにくいかを体験してみませんか？,用一个简单的游戏来亲身体验一下盲点的识别效果有多差怎么样？,Que diriez-vous de découvrir par vous-même à quel point les angles morts sont mal perçus avec un jeu simple ?,आप स्वयं अनुभव करें कि एक साधारण खेल में अंधे स्थानों को कितनी खराब तरह से देखा जा सकता है?,"А как насчет того, чтобы лично убедиться, насколько плохо видны слепые зоны в простой игре?","Wie wäre es, wenn Sie selbst erleben würden, wie schlecht blinde Flecken bei einem einfachen Spiel erkannt werden?"
Mini7,차량 주변에 장난꾸러기 친구들이 숨어 있을 거야! 너가 지목해서 찾아내면 돼!,There will be mischievous friends hiding around the car! You just have to point them out and find them!,車の周りにはいたずら好きな友達が隠れています！見つけてあげましょう！,车子周围肯定藏着淘气的小伙伴！你只需要指出他们，就能找到他们！,Des amis malicieux se cacheront autour de la voiture ! Il suffit de les repérer et de les trouver !,कार के आस-पास कुछ शरारती दोस्त छिपे होंगे! आपको बस उन्हें पहचानना है और उन्हें ढूँढ़ना है!,Вокруг машины будут прятаться озорные друзья! Вам просто нужно указать на них и найти их!,Rund um das Auto verstecken sich spitzbübische Freunde! Du musst sie nur finden!
Mini8,정해진 시간 안에 몇 명을 찾아볼 수 있을까?!,How many people can you find within the given time?!,与えられた時間内に何人見つけられるか？,在规定时间内你能找到多少人？！,Combien de personnes pouvez-vous trouver dans le temps imparti ?!,दिए गए समय में आप कितने लोगों को ढूंढ सकते हैं?,Сколько людей вы сможете найти за отведенное время?!,Wie viele Personen können Sie in der vorgegebenen Zeit finden?!
Mini9,그럼~ 준비 되었어?!,So~ are you ready?!,さあ〜準備はいいですか？！,那么〜你准备好了吗？！,"Alors, êtes-vous prêt ?!",तो~ क्या आप तैयार हैं?!,"Ну что, вы готовы?!","Also, bist du bereit?!"
Mini10,수고했어! 친구들을 얼마나 잘 찾았는지 한 번 볼까?,Good job! Let's see how well you found your friends.,よくできました！友達をどれだけうまく見つけられたか見てみましょう。,干得好！让我们看看你找到朋友的进展如何。,Bravo ! Voyons si tu as réussi à trouver tes amis.,बहुत बढ़िया! देखते हैं आपको अपने दोस्त कितने अच्छे लगते हैं।,"Хорошая работа! Посмотрим, насколько хорошо ты нашел своих друзей.","Gut gemacht! Mal sehen, wie gut du deine Freunde gefunden hast."
Mini11,오~ 잘 찾았는걸?! 정말 잘했어! 근데... 이 친구는 아주 제대로 숨어 있었지?,"Oh~ You found it?! You did a great job! But... this guy was hiding really well, right?",おお～見つかったの！？すごいね！でも…こいつ、すごくうまく隠れてたよね？,哦~找到了？！干得漂亮！不过……这家伙藏得真好，对吧？,"Oh~ Tu l'as trouvé ?! Tu as fait du bon travail ! Mais… ce type se cachait vraiment bien, pas vrai ?","ओह~ तुम्हें मिल गया?! तुमने बहुत बढ़िया काम किया! लेकिन... यह आदमी वाकई बहुत अच्छी तरह छिपा हुआ था, है न?","О~ Ты нашел его?! Ты проделал большую работу! Но... этот парень очень хорошо спрятался, да?","Oh~ Du hast es gefunden?! Super gemacht! Aber... der Kerl hat sich echt gut versteckt, oder?"
Mini12,"그럼 이제, 아직까지 잘 숨어 있는 친구들은 어디 있었는지 확인해볼까?","So now, let's check where our friends who have been hiding well until now are?",さあ、今までうまく隠れていた友達はどこにいるか確認してみましょう。,那么现在，我们来看看一直躲藏得很好的朋友们在哪里？,"Alors maintenant, vérifions où sont nos amis qui se sont bien cachés jusqu'à présent ?","तो अब, आइए देखें कि हमारे वे मित्र जो अब तक छिपे हुए थे, कहां हैं?","Итак, давайте проверим, где же наши друзья, которые до сих пор хорошо прятались?","Schauen wir also jetzt nach, wo unsere Freunde sind, die sich bisher gut versteckt haben."
Mini13,이처럼 친구들이 숨어있을 때 자동차가 움직였으면 정말 위험했을 거야.,"If the car had moved while my friends were hiding like this, it would have been really dangerous.",友達がこのように隠れている間に車が動いていたとしたら、本当に危険だったでしょう。,如果当我的朋友们这样躲藏的时候，汽车开动了，那就真的很危险了。,"Si la voiture avait bougé pendant que mes amis se cachaient comme ça, cela aurait été vraiment dangereux.",अगर मेरे दोस्त इस तरह छिपे हुए थे और कार हिल गई होती तो यह बहुत खतरनाक हो जाता।,"Если бы машина двинулась с места, пока мои друзья прятались, это было бы действительно опасно.","Wenn sich das Auto bewegt hätte, während meine Freunde sich so versteckt hielten, wäre es wirklich gefährlich gewesen."
Mini14,이제 사각지대가 얼마나 위험한지 잘 알겠지?,"Now you know how dangerous blind spots can be, right?",死角がいかに危険であるかお分かりいただけたでしょうか?,现在你知道盲点有多危险了吧？,"Vous savez maintenant à quel point les angles morts peuvent être dangereux, n’est-ce pas ?","अब आप जानते हैं कि अंधे स्थान कितने खतरनाक हो सकते हैं, है ना?","Теперь вы знаете, насколько опасными могут быть слепые зоны, верно?","Jetzt wissen Sie, wie gefährlich tote Winkel sein können, oder?"
Mini15,이제 너도 사각지대 전문가야~!,Now you're a blind spot expert!,これであなたも死角の専門家です！,现在您是盲点专家了！,Vous êtes désormais un expert des angles morts !,अब आप अंध स्थान विशेषज्ञ हैं!,Теперь вы эксперт по слепым зонам!,Jetzt sind Sie ein Experte für den toten Winkel!
Mini16,"그럼, 다음 장소로 가보자!","Well then, let's go to the next place!",さて、次の場所へ行きましょう！,那么，我们去下一个地方吧！,"Bon alors, passons à l'endroit suivant !","तो फिर चलो, अगली जगह चलते हैं!","Ну что ж, пойдем в следующее место!","Na dann, auf zum nächsten Ort!"
Mini17,주위를 한번 둘러봐!,Take a look around!,周りを見回してみましょう!,看看周围！,Regardez autour de vous !,चारों ओर एक नज़र रखना!,Оглянитесь вокруг!,Schauen Sie sich um!
Str_Announce_Chapter2_4,잘했어! 최고야!,Good job! You're the best!,よくやった！君は最高だ！,干得好！你太棒了！,Bravo ! Tu es le meilleur !,बहुत बढ़िया! आप सबसे अच्छे हैं!,Отличная работа! Ты лучший!,Gute Arbeit! Du bist der Beste!
Str_Announce_Chapter2_5,"골목길 안전 보행 미션 완료! 이제 골목길에서도 스스로 잘 건널 수 있겠는걸?
좋아~ 다음 학습으로 떠나볼까?","Alleyway safe walking mission completed! Now you can cross the alleyway by yourself, right? 
Alright~ Shall we move on to the next lesson?","路地裏安全歩行ミッション完了！これで一人で路地裏を渡れるようになりましたね？
さあ～次のレッスンに進みましょうか？","小巷安全行走任务完成！现在你可以自己穿过小巷了，对吧？
好了~我们继续下一课吧？","Mission de marche en toute sécurité dans la ruelle terminée ! Vous pouvez maintenant traverser la ruelle tout seul, n'est-ce pas ?

Bien ! On passe à la leçon suivante ?","गली में सुरक्षित चलने का मिशन पूरा हो गया! अब आप गली को खुद ही पार कर सकते हैं, है न?
ठीक है~ क्या हम अगले पाठ पर आगे बढ़ें?","Миссия по безопасному переулку выполнена! Теперь вы можете перейти переулок самостоятельно, верно? 
Хорошо~ Перейдем к следующему уроку?","Mission „Sicheres Gehen durch die Gasse“ abgeschlossen! Jetzt kannst du die Gasse alleine überqueren, oder?

Okay, wollen wir mit der nächsten Lektion fortfahren?"
Str_Announce_Chapter2_Minigame_1,"이번엔 아주 특별한 체험을 준비했어!
차량에는 사각지대라는 게 있대!
얼마나 잘 안 보이는지 직접 확인해보자!","This time, I've prepared a very special experience! 
There's something called a blind spot in a car! 
Let's see for yourself how hard it is to see!","今回は、とっておきの体験をご用意しました！
車には死角というものがあります！
どれだけ見えにくいか、実際に体験してみましょう！","这次，我准备了一次非常特别的体验！
车里有个东西叫盲点！
让我们亲眼看看，看得见有多难！","Cette fois, je vous ai préparé une expérience vraiment spéciale !
Il existe ce qu'on appelle un angle mort dans une voiture !
Voyons par vous-même à quel point il est difficile de voir !","इस बार, मैंने एक बहुत ही खास अनुभव तैयार किया है!

कार में एक ब्लाइंड स्पॉट नाम की चीज होती है!

चलिए खुद ही देख लेते हैं कि इसे देखना कितना मुश्किल है!","На этот раз я приготовил совершенно особенный опыт! 
В машине есть нечто, называемое слепой зоной! 
Давайте сами посмотрим, насколько сложно что-то увидеть!","Dieses Mal habe ich ein ganz besonderes Erlebnis vorbereitet!
Es gibt so etwas wie einen toten Winkel im Auto!
Überzeugen Sie sich selbst, wie schwer es ist, etwas zu sehen!"
Str_Announce_Chapter2_Minigame_2,"사각지대는, 운전자 시야로는 보이지 않는 공간이야.
창문으로도, 거울로도 잘 안 보여서…
친구가 거기 있으면 정말 위험해.
그래서 지금부터, 그걸 네 눈으로 직접 확인해볼 거야!","Blind spots are spaces that cannot be seen by the driver. 
You can't see them well through the windows or mirrors... 
It's really dangerous if your friend is there. 
So from now on, you're going to check it with your own eyes!","死角とは、運転者から見えない空間のことです。
窓やミラーからではよく見えません…
友達がそこにいたら、本当に危険です。
だから、これからは自分の目で確認しましょう！","盲点是指驾驶员无法看到的空间。
你无法通过车窗或后视镜清楚地看到它们……
如果你的朋友在那里，那就真的很危险了。
所以从现在开始，你必须亲眼检查！","Les angles morts sont des espaces invisibles pour le conducteur. 
On ne les voit pas bien à travers les vitres ou les rétroviseurs… 
C'est vraiment dangereux si un ami s'y trouve. 
Alors, à partir de maintenant, vous allez vérifier de vos propres yeux !","ब्लाइंड स्पॉट ऐसी जगहें होती हैं जिन्हें ड्राइवर नहीं देख सकता।
आप उन्हें खिड़कियों या शीशों से ठीक से नहीं देख सकते...
अगर आपका दोस्त वहां मौजूद है तो यह वाकई खतरनाक है।
तो अब से, आप इसे अपनी आँखों से जाँचेंगे!","Слепые зоны — это пространства, которые водитель не может видеть. 
Вы не можете хорошо видеть их через окна или зеркала... 
Это действительно опасно, если там находится ваш друг. 
Так что с этого момента вы будете проверять это собственными глазами!","Tote Winkel sind Bereiche, die der Fahrer nicht einsehen kann.
Durch Fenster oder Spiegel sieht man sie nicht gut.

Es ist wirklich gefährlich, wenn ein Freund dabei ist.
Also überprüfe es ab jetzt mit eigenen Augen!"
Str_Announce_Chapter2_Minigame_3,"사각지대가 얼마나 잘 안 보이는지, 간단한 게임으로 직접 느껴볼까?
차량 주변에 장난꾸러기 친구들이 숨어 있을 거야!
너가 지목해서 찾아내면 돼!
정해진 시간 안에 몇 명을 찾아볼 수 있을까?!
그럼~ 준비 되었어?!","How hard is it to see the blind spot? Let's experience it for yourself with a simple game. 
There will be mischievous friends hiding around the car! 
You have to point them out and find them! 
How many can you find in the given time?! 
So~ Are you ready?!","死角を見つけるのはどれくらい難しいでしょうか？簡単なゲームで体験してみましょう。
車の周りにはいたずら好きな友達が隠れています！
彼らを見つけて見つけてください！
制限時間内に何匹見つけられるでしょうか？！
さあ～準備はいいですか？！","发现盲点有多难？让我们通过一个简单的游戏来亲身体验一下。
汽车周围会藏着一些淘气的小伙伴！
你必须指出他们并找到他们！
在规定时间内，你能找到多少个？！
那么~你准备好了吗？！","Est-il difficile de voir l'angle mort ? Voyons-le par vous-même avec un jeu simple.

Des amis malicieux se cacheront autour de la voiture !

Il faut les repérer et les trouver !

Combien parviendrez-vous à en trouver dans le temps imparti ?

Alors, prêt ?!","ब्लाइंड स्पॉट को देखना कितना मुश्किल है? आइए एक सरल खेल के साथ खुद इसका अनुभव करें।
कार के आस-पास शरारती दोस्त छिपे होंगे!
आपको उन्हें इंगित करना होगा और उन्हें ढूँढ़ना होगा!
आप दिए गए समय में कितने ढूँढ़ सकते हैं?!
तो~ क्या आप तैयार हैं?!","Насколько сложно увидеть слепую зону? Давайте испытаем это сами с помощью простой игры. 
Вокруг машины будут прятаться озорные друзья! 
Вам нужно указать на них и найти их! 
Сколько вы сможете найти за отведенное время?! 
Итак~ Вы готовы?!","Wie schwer ist es, den toten Winkel zu erkennen? Überzeuge dich selbst mit einem einfachen Spiel.

Es werden sich schelmische Freunde rund ums Auto verstecken!

Du musst sie finden!

Wie viele schaffst du in der vorgegebenen Zeit?

Bist du bereit?"
Str_Announce_Chapter2_Minigame_4,"수고했어! 친구들을 얼마나 잘 찾았는지 한 번 볼까?
오~ 잘 찾았는걸?! 정말 잘했어!
근데... 이 친구는 아주 제대로 숨어 있었지?","Good job! Let's see how well you found your friends. 
Oh~ You found them?! You did a great job! 
But... This friend hid really well, right?","よくできました！友達をどれだけうまく見つけたか見てみましょう。
あら～、見つけたの！すごいね！
でも…この友達、すごくうまく隠れてたよね？","干得好！看看你找到朋友的进度。
哦~你找到他们了？！你干得太棒了！
不过……这位朋友藏得真好，对吧？","Bien joué ! Voyons voir si tu as bien trouvé tes amis.
Oh~ Tu les as trouvés ?! Tu as fait du bon travail !
Mais… Cet ami s'est vraiment bien caché, non ?","बढ़िया काम! देखते हैं कि आपने अपने दोस्तों को कितनी अच्छी तरह से ढूंढा।
ओह~ आपने उन्हें ढूंढ लिया?! आपने बहुत बढ़िया काम किया!
लेकिन... यह दोस्त वाकई बहुत अच्छी तरह से छिपा है, है न?","Хорошая работа! Посмотрим, как хорошо ты нашёл своих друзей. 
О~ Ты нашёл их?! Ты отлично поработал! 
Но... Этот друг очень хорошо спрятался, да?","Gut gemacht! Mal sehen, wie gut du deine Freunde gefunden hast.
Oh, du hast sie gefunden?! Super gemacht!
Aber ... dieser Freund hat sich echt gut versteckt, oder?"
Str_Announce_Chapter2_Minigame_5,"그럼 이제, 아직까지 잘 숨어 있는
친구들은 어디 있었는지 확인해볼까?
이처럼 친구들이 숨어있을 때
자동차가 움직였으면 정말 위험했을 거야.
이제 사각지대가 얼마나 위험한지 잘 알겠지?","Now, let's check where our friends who are still well hidden are? 
If the car had moved while our friends were hiding like this, it would have been really dangerous. 
Now you know how dangerous blind spots are, right?","さて、まだしっかり隠れている仲間はどこにいるか確認しましょうか？
もし仲間たちがこうやって隠れている間に車が動いていたら、本当に危険でした。
これで死角がどれだけ危険かお分かりいただけたでしょうか？","现在，我们来看看那些藏得很好的朋友在哪里？
如果车子在我们朋友这样躲着的时候移动了，那就真的很危险了。
现在你知道盲点有多危险了吧？","Maintenant, voyons où sont nos amis encore bien cachés ?
Si la voiture avait bougé pendant que nos amis se cachaient comme ça, ça aurait été vraiment dangereux.
Vous savez maintenant à quel point les angles morts sont dangereux, n'est-ce pas ?","अब, आइए देखें कि हमारे दोस्त जो अभी भी छिपे हुए हैं, वे कहाँ हैं?
अगर हमारे दोस्त इस तरह छिपे हुए थे और कार आगे बढ़ गई होती, तो यह वाकई खतरनाक होता।
अब आप जानते हैं कि ब्लाइंड स्पॉट कितने खतरनाक होते हैं, है न?","Теперь давайте проверим, где находятся наши друзья, которые все еще хорошо спрятались? 
Если бы машина двинулась, пока наши друзья прятались, это было бы действительно опасно. 
Теперь вы знаете, насколько опасны слепые зоны, верно?","Schauen wir doch mal nach, wo unsere Freunde sind, die sich noch gut versteckt haben.

Hätte sich das Auto bewegt, während unsere Freunde sich so versteckt hielten, wäre es wirklich gefährlich gewesen.

Du weißt doch, wie gefährlich tote Winkel sind, oder?"
Str_Announce_Chapter2_Minigame_6,"이제 너도 사각지대 전문가야~!
그럼, 다음 장소로 가보자!","Now you're a blind spot expert~! 
Then, let's go to the next location!","これであなたも死角発見の達人～！
さあ、次の場所へ！",现在你就是盲点专家了~！那么，我们去下一个地点吧！,"Vous êtes désormais un expert des angles morts !

Allons donc à l'endroit suivant !","अब आप ब्लाइंड स्पॉट विशेषज्ञ हैं~! 
तो, चलिए अगले स्थान पर चलते हैं!","Теперь ты эксперт по слепым зонам~! 
Тогда, перейдем к следующему месту!","Jetzt bist du ein Experte für tote Winkel!
Dann auf zum nächsten Ort!"
Str_Announce_Chapter3_1,"주변 사람들을 잘 관찰해보는 게임이야!
위험하게 걷는 사람을 찾아서 컨트롤러로 선택해줘!
잘 찾으면 점수가 올라가고, 틀리면 점수가 깎일 수 있어!
시간 안에 많은 사람을 맞혀보자! 준비됐지?","It's a game where you have to observe the people around you carefully! 
Find the people walking dangerously and select them with the controller! 
If you find them correctly, your score will go up, and if you get them wrong, your score may go down! 
Let's guess as many people as possible within the time limit! Are you ready?","周りの人を注意深く観察するゲームです！
危険な歩き方をしている人を見つけて、コントローラーで選択しましょう！
正しく見つければスコアがアップ、間違えるとスコアがダウン！
制限時間内にできるだけ多くの人物を当てましょう！準備はいいですか？","这是一款需要你仔细观察周围人的游戏！
找到那些走动危险的人，并用控制器选中他们！
猜对了，你的分数就会上升；猜错了，分数就会下降！
在规定时间内，尽可能多地猜出人物！你准备好了吗？","C'est un jeu où vous devez observer attentivement les gens autour de vous !
Trouvez les personnes qui marchent dangereusement et sélectionnez-les avec la manette !
Si vous les trouvez correctement, votre score augmentera, et si vous vous trompez, il pourrait baisser !
Devinez le plus de personnes possible dans le temps imparti ! Prêt ?","यह एक ऐसा खेल है जिसमें आपको अपने आस-पास के लोगों को ध्यान से देखना है! खतरनाक तरीके से चलने वाले लोगों को खोजें और उन्हें कंट्रोलर से चुनें! अगर आप उन्हें सही तरीके से ढूंढ लेते हैं, तो आपका स्कोर बढ़ जाएगा, और अगर आप उन्हें गलत ढूंढ लेते हैं, तो आपका स्कोर कम हो सकता है! आइए समय सीमा के भीतर अधिक से अधिक लोगों का अनुमान लगाएं! क्या आप तैयार हैं?","Это игра, в которой вам нужно внимательно наблюдать за людьми вокруг вас! 
Найдите людей, которые опасно ходят, и выберите их с помощью контроллера! 
Если вы найдете их правильно, ваш счет увеличится, а если вы ошибетесь, ваш счет может уменьшиться! 
Давайте угадаем как можно больше людей за отведенное время! Вы готовы?","In diesem Spiel musst du die Menschen um dich herum genau beobachten!
Finde die gefährlichen Menschen und wähle sie mit dem Controller aus!
Wenn du sie richtig errätst, steigt deine Punktzahl, und wenn du sie falsch errätst, kann sie sinken!
Lass uns so viele Menschen wie möglich innerhalb des Zeitlimits erraten! Bist du bereit?"
Str_Announce_Chapter3_2,3...2...1...시작!,3...2...1...start!,3...2...1...スタート！,3...2...1...开始！,3...2...1...départ !,3...2...1...शुरू!,3...2...1...старт!,3...2...1...Start!
Str_Announce_Chapter3_3,"정말 대단했어!
안전 보행 교육을 완벽히 마친 모범 보행자에게 수료증을 수여합니다!
앞으로도 안전하게 걸을 수 있겠지?  
진심으로 축하해!","That was really great! 

A certificate of completion is given to the model pedestrian who has completed the safety walking training perfectly! 
I hope you can walk safely in the future? 

Congratulations from the bottom of my heart!","本当に素晴らしかったです！

安全歩行訓練を完璧に修了した模範歩行者には修了証が授与されます！

これからも安全に歩けるといいですね。

心からおめでとうございます！","太棒了！

完美完成安全步行训练的模范行人将获得结业证书！
希望你以后也能安全行走！

衷心祝贺你！","C'était vraiment génial !

Un certificat de réussite est remis au piéton modèle qui a parfaitement suivi la formation de marche en toute sécurité !

J'espère que vous pourrez marcher en toute sécurité à l'avenir.

Félicitations du fond du cœur !","यह वाकई बहुत बढ़िया था!

मॉडल पैदल यात्री को एक प्रमाण पत्र दिया जाता है जिसने सुरक्षित पैदल चलने का प्रशिक्षण पूरी तरह से पूरा कर लिया है!

मुझे उम्मीद है कि आप भविष्य में सुरक्षित रूप से चल सकेंगे?

तहे दिल से बधाई!","Это было действительно здорово! 

Сертификат об окончании выдается образцовому пешеходу, который отлично завершил обучение безопасной ходьбе! 
Надеюсь, вы сможете безопасно ходить в будущем? 

Поздравляю от всего сердца!","Das war echt toll!

Der Musterfußgänger, der das Sicherheits-Gehtraining perfekt absolviert hat, erhält eine Teilnahmeurkunde!
Ich hoffe, du kannst auch in Zukunft sicher gehen?

Herzlichen Glückwunsch!"
Str_Announce_Chapter3_4,"수고했어~!
안전 보행 교육을 잘 마쳐서 수료증을 받을 수 있게 되었어!
조금 더 연습하면 너도 금메달에 도전할 수 있을 거야!","You worked hard~! 
You successfully completed the safety walking training and received a certificate! 
If you practice a little more, you too can challenge for the gold medal!","頑張ったね～！
安全歩行講習を無事に修了し、認定証をいただきました！
もう少し練習すれば、あなたも金メダルに挑戦できますよ！","辛苦啦~！
你成功完成了安全行走训练，并获得了证书！
再多练习一下，你也可以挑战金牌！","Vous avez travaillé dur !

Vous avez réussi la formation de marche sécuritaire et obtenu un certificat !

En vous entraînant un peu plus, vous aussi, vous pourrez prétendre à la médaille d'or !","आपने कड़ी मेहनत की~!

आपने सुरक्षित पैदल चलने का प्रशिक्षण सफलतापूर्वक पूरा किया और प्रमाण पत्र प्राप्त किया!

यदि आप थोड़ा और अभ्यास करते हैं, तो आप भी स्वर्ण पदक के लिए चुनौती दे सकते हैं!","Вы усердно трудились~! 
Вы успешно прошли обучение безопасной ходьбе и получили сертификат! 
Если вы потренируетесь еще немного, вы тоже сможете побороться за золотую медаль!","Du hast hart gearbeitet!
Du hast das Sicherheitsgehtraining erfolgreich abgeschlossen und ein Zertifikat erhalten!
Wenn du noch ein bisschen übst, kannst auch du um die Goldmedaille kämpfen!"
Str_Announce_Chapter3_5,"정말 수고했어~ 여기까지 온 것도 멋진 일이야!
모든 게임을 끝까지 해낸 너에게 보행 안전 수료증을 줄게!
다음엔 더 멋지게 해낼 수 있을 거야!  
내가 항상 응원할게~","You worked really hard~ It's great that you've come this far! 
I'll give you a pedestrian safety certificate for completing all the games! 
You'll be able to do better next time! 

I'll always be cheering you on~","本当に頑張ったね～ここまで来られてよかった！
全てのゲームをクリアしたら、歩行者安全認定証をあげるよ！
次はもっと頑張れるよ！

いつも応援してるよ～","你真的太努力了~ 能走到这一步真是太棒了！
完成所有游戏后，我会给你一张行人安全证书！
下次你一定能做得更好！

我会一直为你加油的~","Tu as travaillé dur ! C'est super que tu sois arrivé jusqu'ici !
Je te remettrai un certificat de sécurité piétonne pour avoir terminé tous les jeux !
Tu feras mieux la prochaine fois !

Je t'encouragerai toujours !","आपने वाकई बहुत मेहनत की है~ यह बहुत बढ़िया है कि आप इतनी दूर तक पहुँच गए हैं!

मैं आपको सभी गेम पूरे करने के लिए पैदल यात्री सुरक्षा प्रमाणपत्र दूँगा!

आप अगली बार और बेहतर प्रदर्शन कर पाएँगे!

मैं हमेशा आपका उत्साहवर्धन करता रहूँगा~","Ты очень усердно работал~ Здорово, что ты зашел так далеко! 
Я выдам тебе сертификат безопасности пешехода за прохождение всех игр! 
В следующий раз ты сможешь добиться большего! 

Я всегда буду подбадривать тебя~","Du hast wirklich hart gearbeitet. Toll, dass du es so weit geschafft hast!
Ich schenke dir ein Fußgängersicherheitszertifikat, wenn du alle Spiele geschafft hast!
Das nächste Mal schaffst du es bestimmt besser!

Ich werde dich immer anfeuern."
Chapter1ClearText,건널목을 건너요 챕터의 안전 보행왕 달성을 축하합니다!,Congratulations on achieving the Safe Pedestrian King title in the Crossing the Crosswalk chapter!,横断歩道を渡る章で安全歩行者王の称号を獲得されたこと、おめでとうございます!,恭喜您在“过马路”篇章中获得安全行人王称号！,Félicitations pour avoir obtenu le titre de Roi des piétons en sécurité dans le chapitre Traverser le passage pour piétons !,क्रॉसवॉक पार करने के अध्याय में सुरक्षित पैदल यात्री राजा का खिताब हासिल करने पर बधाई!,Поздравляем с получением титула «Король безопасных пешеходов» в главе «Пересечение пешеходного перехода»!,Herzlichen Glückwunsch zum Erreichen des Titels „König der Fußgängersicherheit“ im Kapitel „Überqueren des Zebrastreifens“!
Chapter2ClearText,골목길길을 건너요 챕터의 안전 보행왕 달성을 축하합니다!,Congratulations on achieving the Safe Pedestrian King title in the Crossing the Alley chapter!,「路地を横断する」の章で安全歩行者王の称号を獲得しました、おめでとうございます!,恭喜您在“过巷子”篇章中获得安全行人王称号！,Félicitations pour avoir obtenu le titre de Roi des piétons en sécurité dans le chapitre Crossing the Alley !,क्रॉसिंग द एली अध्याय में सुरक्षित पैदल यात्री राजा का खिताब हासिल करने पर बधाई!,Поздравляем с получением титула «Король безопасных пешеходов» в главе «Пересечение переулка»!,Herzlichen Glückwunsch zum Erreichen des Titels „Safe Pedestrian King“ im Kapitel „Crossing the Alley“!
TutorialClearText,튜토리얼 클리어를 축하합니다!,Congratulations on clearing the tutorial!,チュートリアルクリアおめでとうございます！,恭喜您完成教程！,Félicitations pour avoir réussi le tutoriel !,ट्यूटोरियल पास करने पर बधाई!,Поздравляю с прохождением урока!,Herzlichen Glückwunsch zum Abschluss des Tutorials!
